15-minute-apps-master,http_without_tls,6
15-minute-apps-master,ignore_except_block,2
2019_Python_Web_Dev-master,debug_true,1
2019_Python_Web_Dev-master,ignore_except_block,2
Amazon-Flipkart-Price-Comparison-Engine-master,http_without_tls,6
Amazon-Flipkart-Price-Comparison-Engine-master,ignore_except_block,3
AmazonDjangoShop-master,debug_true,1
AndroidGCMTutorial-master,debug_true,1
AndroidGCMTutorial-master,ignore_except_block,21
AndroidGCMTutorial-master,hardcoded_secret,34
AndroidGCMTutorial-master,eval_used,4
AndroidGCMTutorial-master,shell_injection,2
AndroidGCMTutorial-master,empty_password,4
ArchiveBot-master,shell_injection,2
ArchiveBot-master,ignore_except_block,16
ArchiveBot-master,assert_used,12
ArchiveBot-master,http_without_tls,1
ArchiveBot-master,hardcoded_secret,3
AsyncAWS-master,assert_used,5
Automatic_tagging_of_clothing_in_E-Commerce-master,http_without_tls,1
BBDN-Web-Service-Python-Sample-Code-master,debug_true,1
Big-Basket-Delivery-Slots-master,shell_injection,3
BillCipher-master,shell_injection,9
BillCipher-master,http_without_tls,14
BillCipher-master,ignore_except_block,29
BizzMe-master,debug_true,1
BizzMe-master,ignore_except_block,4
Building-RESTful-Python-Web-Services-master,hardcoded_secret,34
Building-RESTful-Python-Web-Services-master,debug_true,25
Building-RESTful-Python-Web-Services-master,ignore_except_block,5
Building-Serverless-Python-Web-Services-with-Zappa-master,debug_true,4
Building-Serverless-Python-Web-Services-with-Zappa-master,http_without_tls,6
Building-Serverless-Python-Web-Services-with-Zappa-master,ignore_except_block,2
Building-Serverless-Python-Web-Services-with-Zappa-master,assert_used,2
Building-Serverless-Python-Web-Services-with-Zappa-master,empty_password,2
Bus-Reservation-System-master,ignore_except_block,569
Bus-Reservation-System-master,eval_used,9
Bus-Reservation-System-master,shell_injection,20
Bus-Reservation-System-master,debug_true,1
Bus-Reservation-System-master,harcoded_tmp_dir,1
Bus-Reservation-System-master,empty_password,25
Bus-Reservation-System-master,hardcoded_secret,94
Bus-Reservation-System-master,assert_used,166
Bus-Reservation-System-master,exec_used,14
Bus-Reservation-System-master,pickle_used,3
Bus-Reservation-System-master,marhshal_used,3
CCXTSharp-master,ignore_except_block,4
Cactus_Refactored-master,ignore_except_block,9
Cactus_Refactored-master,shell_injection,4
Catsup-master,ignore_except_block,2
Catsup-master,hardcoded_secret,1
Catsup-master,yaml_load_used,1
Catsup-master,shell_injection,1
Catsup-master,exec_used,2
Chaos-master,shell_injection,1
Chaos-master,hardcoded_secret,54
Chaos-master,ignore_except_block,1
CloudFlarePartner-master,debug_true,1
Comparative-Analysis-Review-System-master,http_without_tls,3
Django-E-Commerce-master,debug_true,2
Django-E-Commerce-master,empty_password,23
Django-E-Commerce-master,hardcoded_secret,75
Django-E-Commerce-master,ignore_except_block,352
Django-E-Commerce-master,exec_used,6
Django-E-Commerce-master,assert_used,84
Django-E-Commerce-master,shell_injection,4
Django-E-Commerce-master,pickle_used,7
Django-E-Commerce-master,eval_used,1
Django-Ecommerce-master,debug_true,1
Django-Ecommerce-master,ignore_except_block,1
Django-Ecommerce-master,hardcoded_secret,3
Django-eCommerce-tutorial-manascode-master,debug_true,1
Dynatrace-hybris-eCommerce-Fastpack-master,http_without_tls,1
Dynatrace-hybris-eCommerce-Fastpack-master,hardcoded_secret,2
E-COMMERCE-WEBSITE-master,debug_true,1
E-Commerce-API-Python-master,debug_true,1
E-Commerce-API-Python-master,ignore_except_block,573
E-Commerce-API-Python-master,exec_used,41
E-Commerce-API-Python-master,hardcoded_secret,194
E-Commerce-API-Python-master,shell_injection,21
E-Commerce-API-Python-master,assert_used,249
E-Commerce-API-Python-master,empty_password,12
E-Commerce-API-Python-master,eval_used,19
E-Commerce-API-Python-master,harcoded_tmp_dir,1
E-Commerce-API-Python-master,marhshal_used,4
E-Commerce-API-Python-master,pickle_used,14
E-Commerce-API-Python-master,sql_injection,1
E-Commerce-Condiments-shop-master,debug_true,3
E-Commerce-Condiments-shop-master,hardcoded_secret,5
E-Commerce-Condiments-shop-master,empty_password,1
E-Commerce-Website-master,hardcoded_secret,136
E-Commerce-Website-master,ignore_except_block,652
E-Commerce-Website-master,assert_used,252
E-Commerce-Website-master,empty_password,31
E-Commerce-Website-master,exec_used,19
E-Commerce-Website-master,shell_injection,15
E-Commerce-Website-master,pickle_used,6
E-Commerce-Website-master,eval_used,5
E-Commerce-Website-master,harcoded_tmp_dir,2
E-Commerce-Website-master,marhshal_used,2
E-Commerce-Website-master,debug_true,1
E-Commerce_django-master,ignore_except_block,1
E-Commerce_django-master,debug_true,1
E-Commerce_django-master,empty_password,5
E-Commerce_django-master,hardcoded_secret,1
E-Commercial-Sites-Scrappers-master,hardcoded_secret,8
E-commerce-Site-Created-Using-Django-1.11.1-master,debug_true,1
E-commerce-Site-Created-Using-Django-1.11.1-master,ignore_except_block,1
E-commerce-Site-Created-Using-Django-1.11.1-master,hardcoded_secret,2
E-commerce-Website-CS50--master,ignore_except_block,1
E-commerce-Website-CS50--master,empty_password,1
Ecom_merci-master,hardcoded_secret,4
Ecom_merci-master,empty_password,6
Ecom_merci-master,ignore_except_block,2
EcommDB-master,ignore_except_block,1
Ecommerce-Product-price-monitoring-tool-using-Data-Analytics-Web-scraping-master,exec_used,2
Eel-master,ignore_except_block,1
Eel-master,exec_used,2
Eel-master,assert_used,1
Eel-master,shell_injection,1
Emotion-Analysis-master,hardcoded_secret,1
Emotion-Analysis-master,pickle_used,1
Emotion-Analysis-master,debug_true,1
Flask-Building-Python-Web-Services-master,debug_true,41
Flask-Building-Python-Web-Services-master,empty_password,42
Flask-Building-Python-Web-Services-master,ignore_except_block,12
Flask-Building-Python-Web-Services-master,hardcoded_secret,24
Flask-E-Cart-master,hardcoded_secret,1
Flask-E-Cart-master,debug_true,1
Flask-E-Cart-master,empty_password,1
Flask-MonitoringDashboard-master,hardcoded_secret,4
Flask-MonitoringDashboard-master,ignore_except_block,1
Flask-Scaffold-master,yaml_load_used,1
Flask-Scaffold-master,debug_true,1
Flask-Scaffold-master,hardcoded_secret,10
Flask-Scaffold-master,empty_password,5
Flask-Scaffold-master,ignore_except_block,5
Flask-Scaffold-master,shell_injection,9
Flask-Scaffold-master,assert_used,11
FlaskApiEcommerce-master,debug_true,1
FlaskApiEcommerce-master,empty_password,5
FlaskApiEcommerce-master,hardcoded_secret,9
FreeDiscovery-master,http_without_tls,3
FreeDiscovery-master,pickle_used,5
FreeDiscovery-master,ignore_except_block,4
FreeDiscovery-master,hardcoded_secret,8
Frobshop-master,debug_true,1
GeoHealthCheck-master,empty_password,3
GeoHealthCheck-master,hardcoded_secret,18
GeoHealthCheck-master,ignore_except_block,7
GeoHealthCheck-master,debug_true,1
GithubSpeedUp-master,http_without_tls,1
GithubSpeedUp-master,shell_injection,1
HanTTS-master,ignore_except_block,2
Hands-On-RESTful-Python-Web-Services-Second-Edition-master,debug_true,11
Hands-On-RESTful-Python-Web-Services-Second-Edition-master,hardcoded_secret,33
Hands-On-RESTful-Python-Web-Services-Second-Edition-master,ignore_except_block,5
HawkScan-master,shell_injection,6
HawkScan-master,http_without_tls,23
HawkScan-master,ignore_except_block,26
ImitationTmall_Django-master,debug_true,1
ImitationTmall_Django-master,hardcoded_secret,7
ImitationTmall_Django-master,ignore_except_block,16
ImitationTmall_Django-master,empty_password,3
ImitationTmall_Django-master,assert_used,1
Instagram-Crawler-master,ignore_except_block,1
Instagram-Crawler-master,debug_true,1
J-Kart-master,empty_password,9
J-Kart-master,debug_true,1
J-Kart-master,hardcoded_secret,2
J-Kart-master,ignore_except_block,1
Juxtaposition-Generator-master,http_without_tls,2
Kart-master,http_without_tls,1
Kart-master,hardcoded_secret,2
Kart-master,empty_password,3
Kart-master,ignore_except_block,3
Kart-master,debug_true,2
KeenClient-Python-master,ignore_except_block,1
KeenClient-Python-master,hardcoded_secret,1
KeenClient-Python-master,assert_used,8
KindleEar-master,ignore_except_block,132
KindleEar-master,exec_used,1
KindleEar-master,hardcoded_secret,51
KindleEar-master,assert_used,10
KindleEar-master,pickle_used,2
KindleEar-master,yaml_load_used,1
KindleEar-master,marhshal_used,2
KindleEar-master,eval_used,1
KindleEar-master,empty_password,7
LeetCode-master,hardcoded_secret,4
Lexos-master,assert_used,11
Lexos-master,hardcoded_secret,15
Lexos-master,pickle_used,4
Lexos-master,ignore_except_block,8
Lexos-master,eval_used,1
Lexos-master,http_without_tls,1
LibreHatti-d2.0p3.6,empty_password,2
LibreHatti-d2.0p3.6,debug_true,1
LibreHatti-d2.0p3.6,ignore_except_block,28
LinkedRW-master,empty_password,1
LinkedRW-master,hardcoded_secret,3
LinkedRW-master,ignore_except_block,8
LinkedRW-master,http_without_tls,1
Look4Face-master,assert_used,4
Look4Face-master,shell_injection,2
Look4Face-master,pickle_used,1
Look4Face-master,debug_true,1
MachineLearning-DeepLearning-NLP-LeetCode-StatisticalLearningMethod-TensorFlow-master,assert_used,5
MechanicalSoup-master,exec_used,1
MechanicalSoup-master,assert_used,4
MechanicalSoup-master,ignore_except_block,3
MicroSite-master,yaml_load_used,2
MicroSite-master,ignore_except_block,5
MicroSite-master,hardcoded_secret,2
MicroSite-master,http_without_tls,1
Mini-E-commerce-webapp-dummy--master,empty_password,2
Mini-E-commerce-webapp-dummy--master,debug_true,1
MyAwesomeCart-master,debug_true,1
Nuitka-develop,hardcoded_secret,67
Nuitka-develop,ignore_except_block,261
Nuitka-develop,assert_used,384
Nuitka-develop,eval_used,10
Nuitka-develop,shell_injection,26
Nuitka-develop,exec_used,16
Nuitka-develop,marhshal_used,1
Nuitka-develop,pickle_used,9
Nuitka-develop,harcoded_tmp_dir,14
OCTOPUS-master,hardcoded_secret,2
OWSLib-master,hardcoded_secret,12
OWSLib-master,ignore_except_block,8
OWSLib-master,assert_used,17
OWSLib-master,yaml_load_used,1
Online-Retail-master,ignore_except_block,1
Online-Retail-master,empty_password,3
Online-Retail-master,debug_true,1
Product-Info-Crawler-master,debug_true,1
PureBlog-master,assert_used,2
PureBlog-master,ignore_except_block,5
PureBlog-master,shell_injection,2
PyDSWS-master,http_without_tls,1
PyDSWS-master,hardcoded_secret,2
PyExPool-master,ignore_except_block,5
PyExPool-master,assert_used,18
PyExPool-master,shell_injection,1
PyFlask_2k18-master,hardcoded_secret,3
PyFlask_2k18-master,debug_true,1
Python-Django-Complete-Real-Estate-Website-master,hardcoded_secret,117
Python-Django-Complete-Real-Estate-Website-master,ignore_except_block,662
Python-Django-Complete-Real-Estate-Website-master,exec_used,19
Python-Django-Complete-Real-Estate-Website-master,assert_used,194
Python-Django-Complete-Real-Estate-Website-master,eval_used,4
Python-Django-Complete-Real-Estate-Website-master,empty_password,29
Python-Django-Complete-Real-Estate-Website-master,shell_injection,16
Python-Django-Complete-Real-Estate-Website-master,pickle_used,6
Python-Django-Complete-Real-Estate-Website-master,marhshal_used,2
Python-Django-Complete-Real-Estate-Website-master,debug_true,1
Rakathon-master,pickle_used,5
Rakathon-master,debug_true,1
Redfin-master,ignore_except_block,1
Rest-Shop-master,shell_injection,1
Rest-Shop-master,hardcoded_secret,2
Rest-Shop-master,empty_password,1
Rest-Shop-master,debug_true,1
RoboBull-master,ignore_except_block,1
RoboBull-master,debug_true,1
SFECommerce-master,debug_true,1
SFECommerce-master,hardcoded_secret,12
SFECommerce-master,empty_password,1
Security-Headers-master,debug_true,1
Sentiment-Analysis-Using-Python-master,debug_true,1
ShopCrawler-master,eval_used,3
ShopCrawler-master,ignore_except_block,3
ShopCrawler-master,hardcoded_secret,16
Supercharged-Web-Scraping-with-Asyncio-master,hardcoded_secret,4
Supercharged-Web-Scraping-with-Asyncio-master,ignore_except_block,2
Supercharged-Web-Scraping-with-Asyncio-master,assert_used,1
Tor2web-master,ignore_except_block,11
Tor2web-master,hardcoded_secret,3
Tor2web-master,assert_used,1
Tor_Spider-master,shell_injection,2
Try-Django-1.11-master,hardcoded_secret,1
Try-Django-1.11-master,debug_true,2
Try-Django-1.11-master,ignore_except_block,1
UdemyCourseGrabber-master,http_without_tls,2
UdemyCourseGrabber-master,ignore_except_block,1
Variable-Delivery-Cost-Finder-master,pickle_used,4
WD_models-master,eval_used,6
Web-Scraping-master,http_without_tls,2
Web-Scraping-using-Beautiful-Soup-master,debug_true,1
Web-Scrapper-master,http_without_tls,1
Web-Scrapping-E-commerce-websites-master,harcoded_tmp_dir,1
Web2Executable-master,ignore_except_block,5
Web2Executable-master,hardcoded_secret,1
Web2Executable-master,shell_injection,5
Web2Executable-master,empty_password,1
Webshell-Sniper-master,hardcoded_secret,3
Webshell-Sniper-master,http_without_tls,3
Wooey-master,ignore_except_block,8
Wooey-master,shell_injection,2
Wooey-master,debug_true,1
Wooey-master,hardcoded_secret,4
Wooey-master,assert_used,4
ZeroNet-py3,shell_injection,5
ZeroNet-py3,assert_used,601
ZeroNet-py3,ignore_except_block,53
ZeroNet-py3,hardcoded_secret,41
addons-server-master,debug_true,1
addons-server-master,ignore_except_block,49
addons-server-master,shell_injection,5
addons-server-master,assert_used,10
addons-server-master,empty_password,2
addons-server-master,http_without_tls,12
addons-server-master,hardcoded_secret,32
addons-server-master,harcoded_tmp_dir,2
amazon-reviews-analysis-master,debug_true,1
angular2-flask-master,hardcoded_secret,2
angular2-flask-master,empty_password,2
angular2-flask-master,debug_true,1
app-service-web-python-get-started-master,debug_true,1
app-service-web-python-get-started-master,assert_used,3
app-service-web-python-get-started-master,empty_password,1
appdaemon-dev,ignore_except_block,10
appdaemon-dev,hardcoded_secret,45
appdaemon-dev,assert_used,3
appdaemon-dev,harcoded_tmp_dir,1
appdaemon-dev,yaml_load_used,6
appdaemon-dev,shell_injection,1
appdaemon-dev,http_without_tls,3
appengine-flask-skeleton-master,ignore_except_block,93
appengine-flask-skeleton-master,hardcoded_secret,42
appengine-flask-skeleton-master,assert_used,18
appengine-flask-skeleton-master,exec_used,7
appengine-flask-skeleton-master,empty_password,2
appengine-flask-skeleton-master,eval_used,2
appengine-flask-skeleton-master,pickle_used,4
appengine-flask-skeleton-master,marhshal_used,1
appier-master,ignore_except_block,49
appier-master,hardcoded_secret,5
appier-master,exec_used,1
appier-master,empty_password,2
archweb-master,ignore_except_block,6
archweb-master,hardcoded_secret,8
archweb-master,empty_password,1
archweb-master,shell_injection,2
archweb-master,http_without_tls,1
asyncmicroservices-master,debug_true,3
atheme-web-master,eval_used,1
atheme-web-master,ignore_except_block,1
augur-master,exec_used,2
augur-master,ignore_except_block,25
augur-master,hardcoded_secret,8
augur-master,shell_injection,6
augur-master,http_without_tls,4
augur-master,empty_password,1
awis-master,ignore_except_block,1
aws-serverless-shopping-cart-master,http_without_tls,1
aws_py-master,assert_used,34
aws_py-master,hardcoded_secret,2
bballfast-master,http_without_tls,4
beg-django-e-commerce-master,debug_true,1
beg-django-e-commerce-master,ignore_except_block,9
beg-django-e-commerce-master,hardcoded_secret,1
bioservices-master,eval_used,1
bioservices-master,assert_used,45
bioservices-master,ignore_except_block,32
bioservices-master,hardcoded_secret,22
bioservices-master,pickle_used,1
bitcurator-access-webtools-master,ignore_except_block,2
bitcurator-access-webtools-master,exec_used,1
bitcurator-access-webtools-master,eval_used,1
bitcurator-access-webtools-master,debug_true,1
blogofile-plugins,yaml_load_used,2
blogofile-plugins,assert_used,12
blogofile-plugins,ignore_except_block,14
blogofile-plugins,exec_used,2
blogofile-plugins,eval_used,3
boto-develop,ignore_except_block,40
boto-develop,hardcoded_secret,51
boto-develop,shell_injection,3
boto-develop,http_without_tls,1
boto-develop,assert_used,36
boto-develop,empty_password,2
boto-develop,exec_used,1
braspag-master,assert_used,4
brother_ql_web-master,debug_true,1
brother_ql_web-master,ignore_except_block,1
buyandsell-master,debug_true,1
calllog211-master,ignore_except_block,71
calllog211-master,exec_used,4
calllog211-master,hardcoded_secret,25
calllog211-master,assert_used,18
calllog211-master,empty_password,2
calllog211-master,eval_used,2
calllog211-master,pickle_used,1
calllog211-master,debug_true,1
cartoonify-master,debug_true,1
cartoonify-master,ignore_except_block,1
cartoonify-master,hardcoded_secret,15
cartoonify-master,assert_used,4
cartridge-mezzanine-django-heroku-master,debug_true,1
cartridge-mezzanine-django-heroku-master,ignore_except_block,2
cartridge-mezzanine-django-heroku-master,hardcoded_secret,1
cassiopeia-master,ignore_except_block,41
cassiopeia-master,http_without_tls,3
cassiopeia-master,hardcoded_secret,36
cassiopeia-master,assert_used,4
ccxt-master,ignore_except_block,8
ccxt-master,hardcoded_secret,502
ccxt-master,assert_used,46
ccxt-master,shell_injection,1
ccxt-master,empty_password,1
certidude-master,hardcoded_secret,5
certidude-master,shell_injection,26
certidude-master,ignore_except_block,12
certidude-master,http_without_tls,2
certidude-master,assert_used,17
certsrv-master,hardcoded_secret,1
chapullmarket-master,empty_password,2
chapullmarket-master,hardcoded_secret,1
chapullmarket-master,debug_true,1
chipy.org-master,debug_true,1
chipy.org-master,hardcoded_secret,6
chipy.org-master,http_without_tls,2
chipy.org-master,ignore_except_block,1
city-scrapers-main,ignore_except_block,6
city-scrapers-main,hardcoded_secret,3
cntk-python-web-service-on-azure-master,assert_used,33
cntk-python-web-service-on-azure-master,yaml_load_used,6
cookiecutter-django-shop-master,assert_used,6
cookiecutter-django-shop-master,http_without_tls,1
cookiecutter-django-shop-master,ignore_except_block,1
cp-barebone-movie-app-final-master,debug_true,1
create-aio-app-master,shell_injection,1
crypto-whale-watching-app-master,hardcoded_secret,1
crypto-whale-watching-app-master,assert_used,2
crypto-whale-watching-app-master,ignore_except_block,2
d6tflow-master,harcoded_tmp_dir,1
d6tflow-master,pickle_used,1
dash-dev,exec_used,2
dash-dev,assert_used,1
dash-dev,hardcoded_secret,6
dash-dev,ignore_except_block,3
dash-dev,shell_injection,3
datastore-ndb-python-master,assert_used,21
datastore-ndb-python-master,ignore_except_block,7
datastore-ndb-python-master,hardcoded_secret,4
datastore-ndb-python-master,pickle_used,2
datastore-ndb-python-master,debug_true,1
detectem-master,assert_used,4
detectem-master,http_without_tls,3
detectem-master,ignore_except_block,2
django-admin-bootstrapped-master,ignore_except_block,2
django-auditlog-master,assert_used,1
django-auditlog-master,ignore_except_block,5
django-avatar-master,hardcoded_secret,1
django-basic-apps-master,ignore_except_block,1
django-blast-master,hardcoded_secret,17
django-blast-master,http_without_tls,2
django-blast-master,ignore_except_block,19
django-blast-master,shell_injection,3
django-blast-master,debug_true,2
django-blast-master,assert_used,3
django-blast-master,empty_password,1
django-calaccess-raw-data-master,ignore_except_block,2
django-calaccess-raw-data-master,hardcoded_secret,2
django-calaccess-raw-data-master,http_without_tls,2
django-changuito-master,ignore_except_block,3
django-chartit-master,assert_used,1
django-chartit-master,debug_true,1
django-chartit-master,hardcoded_secret,1
django-cors-headers-master,ignore_except_block,1
django-crispy-forms-master,shell_injection,2
django-crispy-forms-master,hardcoded_secret,1
django-crispy-forms-master,ignore_except_block,3
django-cron-master,debug_true,1
django-cron-master,ignore_except_block,3
django-dtg-store-manager-master,ignore_except_block,3
django-dtg-store-manager-master,debug_true,1
django-dtg-store-manager-master,hardcoded_secret,1
django-ecommerce-master,debug_true,1
django-ecommerce-wagtail-master,ignore_except_block,2
django-ecommerce-wagtail-master,debug_true,1
django-form-designer-master,ignore_except_block,3
django-friendship-master,debug_true,1
django-hvad-master,hardcoded_secret,8
django-hvad-master,ignore_except_block,12
django-hvad-master,assert_used,2
django-jquery-file-upload-master,debug_true,1
django-machina-master,debug_true,1
django-machina-master,hardcoded_secret,3
django-machina-master,ignore_except_block,5
django-machina-master,assert_used,1
django-master,hardcoded_secret,18
django-master,assert_used,4
django-master,ignore_except_block,91
django-master,pickle_used,2
django-master,debug_true,2
django-master,http_without_tls,1
django-master,empty_password,3
django-notifications-master,hardcoded_secret,1
django-oscar-demo-master,debug_true,4
django-oscar-master,ignore_except_block,29
django-oscar-master,hardcoded_secret,20
django-oscar-master,empty_password,2
django-post_office-master,ignore_except_block,4
django-post_office-master,assert_used,2
django-react-ecommerce-master,debug_true,2
django-rest-auth-master,empty_password,2
django-rest-auth-master,ignore_except_block,2
django-rest-auth-master,assert_used,1
django-rest-auth-master,hardcoded_secret,4
django-rest-auth-master,debug_true,1
django-rq-master,ignore_except_block,7
django-rq-master,hardcoded_secret,1
django-salesman-master,debug_true,1
django-salesman-master,hardcoded_secret,2
django-salesman-master,ignore_except_block,1
django-schedule-master,ignore_except_block,1
django-schedule-master,hardcoded_secret,3
django-schedule-master,debug_true,1
django-scheduler-develop,ignore_except_block,2
django-simple-shop-master,ignore_except_block,5
django-simple-shop-master,hardcoded_secret,2
django-stockroom-master,hardcoded_secret,4
django-tables2-master,shell_injection,7
django-tables2-master,debug_true,1
django-tables2-master,ignore_except_block,5
django-tastypie-master,ignore_except_block,10
django-tastypie-master,debug_true,1
django-tastypie-master,yaml_load_used,1
django-tastypie-master,empty_password,2
django-tutorial-master,assert_used,1
django-tutorial-master,debug_true,1
django-tutorial-v2-master,assert_used,1
django-tutorial-v2-master,debug_true,1
django_e_commerce-master,debug_true,1
django_quiz-master,debug_true,2
djangocon_2015_talk-master,debug_true,1
djangogirls-master,http_without_tls,3
djangogirls-master,ignore_except_block,2
djangogirls-master,hardcoded_secret,4
djangogirls-master,empty_password,4
djangogirls-master,assert_used,6
djangogirls-master,shell_injection,2
djangopackages-master,hardcoded_secret,2
djangopackages-master,http_without_tls,4
djangopackages-master,ignore_except_block,6
djangopackages-master,debug_true,2
doorstep-master,debug_true,2
doorstep-master,ignore_except_block,4
doorstep-master,assert_used,1
doorstep-master,shell_injection,1
doorstep-master,hardcoded_secret,4
doorstep-master,empty_password,2
dpt-rp1-py-master,ignore_except_block,2
dpt-rp1-py-master,assert_used,1
e-commerce-2_django-master,hardcoded_secret,3
e-commerce-2_django-master,http_without_tls,1
e-commerce-2_django-master,debug_true,3
e-commerce-2_django-master,ignore_except_block,2
e-commerce-2_django-master,empty_password,3
e-commerce-master,debug_true,1
e-commerce-master,empty_password,2
e-commerce-web-scraper-master,http_without_tls,3
e-commerce-web-scraper-master,ignore_except_block,1
e-commerce-with-django-master,empty_password,2
eCommerce-Database-main,ignore_except_block,138
eCommerce-Database-main,debug_true,1
eCommerce-Database-main,assert_used,88
eCommerce-Database-main,empty_password,9
eCommerce-Database-main,hardcoded_secret,41
eCommerce-Database-main,shell_injection,3
eCommerce-Database-main,harcoded_tmp_dir,1
eCommerce-Database-main,exec_used,4
eCommerce-Database-main,eval_used,2
eCommerce-master,http_without_tls,1
eCommerce-master,debug_true,2
eCommerce-master,ignore_except_block,3
eCommerce-master,hardcoded_secret,2
eCommerce-master,empty_password,3
easy-scraping-tutorial-master,http_without_tls,5
easy-scraping-tutorial-master,hardcoded_secret,4
ebook-viewer-master,shell_injection,2
ebook-viewer-master,ignore_except_block,2
ecommerce-master,hardcoded_secret,1
ecommerce-master,exec_used,1
ecommerce-master,ignore_except_block,2
ecommerce_api-master,hardcoded_secret,13
ecommerce_api-master,http_without_tls,1
ecommerce_api-master,ignore_except_block,3
ecommerce_api-master,debug_true,3
ecommerce_api-master,empty_password,2
ecommerce_website_development-master,debug_true,1
ecommerce_website_development-master,ignore_except_block,1
ecommerce_website_development-master,empty_password,2
elimage-master,ignore_except_block,1
elimage-master,debug_true,1
ella-master,ignore_except_block,4
ella-master,assert_used,1
ella-master,hardcoded_secret,3
enlighten-master,hardcoded_secret,1
enlighten-master,ignore_except_block,5
enlighten-master,harcoded_tmp_dir,1
esky-master,ignore_except_block,29
esky-master,exec_used,1
esky-master,assert_used,3
esky-master,pickle_used,7
eventbrite-master,debug_true,1
eventbrite-master,hardcoded_secret,345
eventbrite-master,ignore_except_block,1257
eventbrite-master,exec_used,32
eventbrite-master,assert_used,576
eventbrite-master,empty_password,56
eventbrite-master,pickle_used,14
eventbrite-master,shell_injection,41
eventbrite-master,eval_used,25
eventbrite-master,harcoded_tmp_dir,1
eventbrite-master,http_without_tls,74
eventbrite-master,marhshal_used,2
evohome-client-master,http_without_tls,4
evohome-client-master,hardcoded_secret,1
examples-_,ignore_except_block,9
examples-_,hardcoded_secret,17
examples-_,assert_used,2
examples-_,pickle_used,2
exchangelib-master,ignore_except_block,27
exchangelib-master,hardcoded_secret,2
exchangelib-master,http_without_tls,1
exchangelib-master,empty_password,1
eyeD3-master,assert_used,1
ezpadova-master,eval_used,1
ezpadova-master,assert_used,2
ezpadova-master,ignore_except_block,1
face_merge_master-master,http_without_tls,1
face_merge_master-master,hardcoded_secret,1
face_recognition-master,hardcoded_secret,1
falcon-master,ignore_except_block,14
falcon-master,assert_used,6
falcon-master,exec_used,1
falcon-master,eval_used,2
falcon-master,debug_true,1
falcon-master,hardcoded_secret,1
falcon-master,http_without_tls,1
fapws2-master,debug_true,1
fapws2-master,shell_injection,1
featureserver-master,hardcoded_secret,18
featureserver-master,ignore_except_block,20
featureserver-master,pickle_used,4
featureserver-master,assert_used,5
featureserver-master,http_without_tls,2
flask-app-blueprint-master,debug_true,2
flask-app-blueprint-master,hardcoded_secret,2
flask-app-blueprint-master,empty_password,3
flask-app-blueprint-master,ignore_except_block,1
flask-website-master,debug_true,1
flask-website-master,ignore_except_block,4
flexx-master,ignore_except_block,17
flexx-master,exec_used,7
flexx-master,shell_injection,1
flexx-master,assert_used,26
flexx-master,hardcoded_secret,18
flexx-master,eval_used,5
fosswebsite-master,hardcoded_secret,3
fosswebsite-master,debug_true,1
fosswebsite-master,ignore_except_block,2
gae-secure-scaffold-python3-master,shell_injection,1
genderize-master,assert_used,14
google-maps-services-python-master,ignore_except_block,1
grabfeed-master,http_without_tls,1
grobid-client-python-master,http_without_tls,1
hendrix-master,http_without_tls,2
hendrix-master,debug_true,2
hendrix-master,assert_used,1
hendrix-master,shell_injection,2
hendrix-master,ignore_except_block,4
hendrix-master,pickle_used,1
hendrix-master,yaml_load_used,1
heroku-buildpack-python-main,assert_used,3
heroku-buildpack-python-main,hardcoded_secret,2
httplib2-master,ignore_except_block,23
httplib2-master,hardcoded_secret,4
httplib2-master,empty_password,3
httplib2-master,pickle_used,2
hyde-master,ignore_except_block,24
hyde-master,yaml_load_used,4
hyde-master,exec_used,2
hyde-master,hardcoded_secret,2
hydroshare-develop,hardcoded_secret,129
hydroshare-develop,assert_used,277
hydroshare-develop,ignore_except_block,40
hydroshare-develop,shell_injection,5
hydroshare-develop,http_without_tls,5
hydroshare-develop,empty_password,5
hydroshare-develop,harcoded_tmp_dir,2
ibptws-master,http_without_tls,2
image-scraper-master,ignore_except_block,3
imdb-pie-master,hardcoded_secret,1
imdb-pie-master,http_without_tls,1
inscriptis-master,shell_injection,1
inscriptis-master,ignore_except_block,1
ipython-master,exec_used,17
ipython-master,assert_used,31
ipython-master,shell_injection,21
ipython-master,ignore_except_block,144
ipython-master,hardcoded_secret,23
ipython-master,http_without_tls,4
ipython-master,eval_used,16
is_wordpress-master,http_without_tls,1
ivy-master,pickle_used,1
ivy-master,hardcoded_secret,2
ivy-master,ignore_except_block,5
ivy-master,exec_used,1
ivy-master,shell_injection,1
joeahand-master,http_without_tls,1
joeahand-master,ignore_except_block,1
joeahand-master,assert_used,1
k8s-tutorial-python-master,debug_true,1
key-presser-via-python-server-master,ignore_except_block,1
lbry-sdk-master,ignore_except_block,78
lbry-sdk-master,hardcoded_secret,17
lbry-sdk-master,assert_used,63
lbry-sdk-master,sql_injection,1
lbry-sdk-master,shell_injection,2
lbry-sdk-master,empty_password,1
ldapcherry-master,hardcoded_secret,13
ldapcherry-master,ignore_except_block,2
lead_manager_react_django-master,hardcoded_secret,1
lead_manager_react_django-master,empty_password,1
lead_manager_react_django-master,debug_true,1
learn_python3_spider-master,http_without_tls,5
learn_python3_spider-master,empty_password,29
learn_python3_spider-master,hardcoded_secret,92
learn_python3_spider-master,ignore_except_block,403
learn_python3_spider-master,exec_used,20
learn_python3_spider-master,assert_used,220
learn_python3_spider-master,harcoded_tmp_dir,2
learn_python3_spider-master,shell_injection,9
learn_python3_spider-master,eval_used,12
learn_python3_spider-master,pickle_used,10
learn_python3_spider-master,debug_true,5
lfs-contact-master,ignore_except_block,1
librato-python-web-master,shell_injection,1
librato-python-web-master,http_without_tls,3
librato-python-web-master,hardcoded_secret,1
librato-python-web-master,assert_used,1
librato-python-web-master,ignore_except_block,11
loggers-master,http_without_tls,2
loggers-master,ignore_except_block,4
m.css-master,pickle_used,1
m.css-master,hardcoded_secret,15
m.css-master,assert_used,86
m.css-master,ignore_except_block,2
m.css-master,harcoded_tmp_dir,1
major-scrapy-spiders-master,empty_password,1
mep-django-master,exec_used,1
mep-django-master,ignore_except_block,10
mep-django-master,http_without_tls,2
mep-django-master,hardcoded_secret,4
mep-django-master,assert_used,2
merchant-master,shell_injection,1
merchant-master,debug_true,1
merchant-master,ignore_except_block,6
merchant-master,hardcoded_secret,6
merchant-master,assert_used,3
merchant-master,empty_password,1
microblog-master,http_without_tls,1
microblog-master,hardcoded_secret,5
microblog-master,empty_password,3
microblog-master,ignore_except_block,1
mindboggle-master,exec_used,2
mindboggle-master,pickle_used,4
mindboggle-master,assert_used,7
mindboggle-master,ignore_except_block,4
mindboggle-master,hardcoded_secret,1
mindboggle-master,shell_injection,1
minimal-django-file-upload-example-master,debug_true,6
mollyproject-master,ignore_except_block,33
mollyproject-master,hardcoded_secret,9
mollyproject-master,pickle_used,1
mollyproject-master,debug_true,1
mollyproject-master,http_without_tls,3
mollyproject-master,yaml_load_used,3
moodle_api.py-master,hardcoded_secret,2
morvanzhou.github.io-master,ignore_except_block,2
movie-center-master,ignore_except_block,1
movie-center-master,hardcoded_secret,1
moviegeek-master,http_without_tls,4
moviegeek-master,pickle_used,4
moviegeek-master,debug_true,1
mtmonkey-master,ignore_except_block,2
naucse.python.cz-master,assert_used,2
news-fetch-master,ignore_except_block,1
nikola-master,ignore_except_block,28
nikola-master,hardcoded_secret,9
nikola-master,empty_password,1
nikola-master,yaml_load_used,2
nikola-master,shell_injection,2
nikola-master,http_without_tls,5
nikola-master,exec_used,2
nikola-master,eval_used,3
nsepy-master,ignore_except_block,2
nycpython.com-master,http_without_tls,1
onlineShop-master,debug_true,1
opensale-master,hardcoded_secret,21
opensale-master,ignore_except_block,6
opensale-master,empty_password,7
opensale-master,assert_used,8
openscoring-python-master,exec_used,1
openscoring-python-master,hardcoded_secret,1
openscoring-python-master,ignore_except_block,2
oscar-wagtail-demo-master,ignore_except_block,3
oscar-wagtail-demo-master,debug_true,3
pacu-master,http_without_tls,2
pacu-master,ignore_except_block,7
pacu-master,assert_used,1
pacu-master,hardcoded_secret,1
pacu-master,empty_password,5
panel-master,ignore_except_block,38
panel-master,hardcoded_secret,5
panel-master,debug_true,2
pbtk-master,ignore_except_block,2
pbtk-master,shell_injection,2
pbtk-master,hardcoded_secret,2
pbtk-master,assert_used,1
pdf-miner-master,ignore_except_block,1
pdf-miner-master,shell_injection,2
pepy-master,http_without_tls,3
pepy-master,debug_true,1
pepy-master,empty_password,1
personfinder-master,hardcoded_secret,15
personfinder-master,assert_used,11
personfinder-master,ignore_except_block,7
personfinder-master,empty_password,2
personfinder-master,debug_true,3
personfinder-master,http_without_tls,1
pets-master,hardcoded_secret,2
picoweb-master,assert_used,1
picoweb-master,debug_true,10
pinax-stripe-master,hardcoded_secret,1
pinax-stripe-master,ignore_except_block,2
practNLPTools-lite-master,hardcoded_secret,1
practNLPTools-lite-master,empty_password,1
practNLPTools-lite-master,shell_injection,4
prestapyt-master,exec_used,1
prestapyt-master,ignore_except_block,1
price-of-chair-new-master,debug_true,25
price-of-chair-new-master,http_without_tls,33
price-of-chair-new-master,ignore_except_block,1
project-dream-team-three-master,debug_true,1
project-dream-team-three-master,empty_password,2
project-dream-team-three-master,ignore_except_block,1
project-dream-team-two-master,debug_true,1
project-dream-team-two-master,empty_password,2
prosopopee-master,hardcoded_secret,2
prosopopee-master,empty_password,2
pulumi-aws-master,hardcoded_secret,2
py-gsxws-master,http_without_tls,1
py-gsxws-master,ignore_except_block,5
pySphere-master,ignore_except_block,22
pySphere-master,empty_password,2
pySphere-master,hardcoded_secret,3
pySphere-master,http_without_tls,4
pySphere-master,eval_used,1
pySphere-master,assert_used,8
pyacoustid-master,ignore_except_block,1
pyacoustid-master,shell_injection,1
pyaiot-master,assert_used,1
pyaiot-master,debug_true,3
pyaiot-master,ignore_except_block,1
pyaiot-master,hardcoded_secret,1
pyanalytics-master,debug_true,1
pyanalytics-master,hardcoded_secret,1
pycsw-master,hardcoded_secret,11
pycsw-master,ignore_except_block,4
pycsw-master,eval_used,2
pycv-master,http_without_tls,4
pycv-master,ignore_except_block,3
pycv-master,hardcoded_secret,2
pyredminews-master,ignore_except_block,2
pyredminews-master,hardcoded_secret,2
pyspider-master,shell_injection,4
pyspider-master,ignore_except_block,14
pyspider-master,empty_password,2
pyspider-master,assert_used,21
pyspider-master,hardcoded_secret,19
pyspread-master,ignore_except_block,31
pyspread-master,hardcoded_secret,9
pyspread-master,shell_injection,2
pyspread-master,exec_used,3
pyspread-master,eval_used,1
pyspread-master,assert_used,3
python-allrecipes-master,ignore_except_block,2
python-amazon-mws-develop,assert_used,6
python-atws-master,hardcoded_secret,1
python-atws-master,empty_password,1
python-atws-master,ignore_except_block,12
python-bulk-email-verifier-master,debug_true,2
python-bulk-email-verifier-master,empty_password,2
python-devicecloud-master,ignore_except_block,2
python-devicecloud-master,empty_password,2
python-ftr-master,ignore_except_block,3
python-ftr-master,debug_true,1
python-master,http_without_tls,9
python-master,shell_injection,4
python-master,hardcoded_secret,1
python-media-crawler-master,hardcoded_secret,4
python-media-crawler-master,ignore_except_block,22
python-media-crawler-master,assert_used,25
python-plantuml-master,ignore_except_block,1
python-plantuml-master,shell_injection,1
python-sdk-develop,hardcoded_secret,8
python-sec-master,hardcoded_secret,2
python-selenium-scrap-bs4-master,http_without_tls,3
python-tbk-master,hardcoded_secret,5
python-tbk-master,ignore_except_block,1
python-verisure-master,http_without_tls,14
python-zhmcclient-master,exec_used,2
python-zhmcclient-master,shell_injection,1
python-zhmcclient-master,ignore_except_block,15
python-zhmcclient-master,yaml_load_used,16
python-zhmcclient-master,assert_used,100
python-zhmcclient-master,hardcoded_secret,3
python_webservices_library-master,hardcoded_secret,3
pythoncommerce-master,debug_true,2
pytrth-master,assert_used,2
pytrth-master,empty_password,2
pywebcopy-master,ignore_except_block,2
pywebcopy-master,shell_injection,8
pywebcopy-master,assert_used,16
pywebcopy-master,hardcoded_secret,1
pywebdriver-master,ignore_except_block,5
pywebsitechanges-master,shell_injection,2
pywps-master,ignore_except_block,5
pywps-master,assert_used,1
pywps-master,hardcoded_secret,1
rasa-site-bot-master,http_without_tls,3
rasa-site-bot-master,ignore_except_block,1
rdio-python-master,hardcoded_secret,1
reconspider-master,http_without_tls,20
reconspider-master,hardcoded_secret,1
reconspider-master,empty_password,2
reconspider-master,shell_injection,2
redis-hashring-master,ignore_except_block,2
renrenPhotosBackup-master,hardcoded_secret,2
renrenPhotosBackup-master,ignore_except_block,2
requests-racer-master,exec_used,1
requests-racer-master,ignore_except_block,1
requests-racer-master,shell_injection,4
rest_gae-master,debug_true,1
restfull-web-service-python-tornado-master,hardcoded_secret,4
robostrippy-master,http_without_tls,1
sNeeds-master,debug_true,2
sNeeds-master,ignore_except_block,25
sNeeds-master,hardcoded_secret,30
sNeeds-master,empty_password,2
saleor-custom-master,hardcoded_secret,23
saleor-custom-master,empty_password,4
saleor-custom-master,ignore_except_block,10
saleor-custom-master,http_without_tls,3
saleor-custom-master,assert_used,5
saleor-master,hardcoded_secret,18
saleor-master,empty_password,6
saleor-master,http_without_tls,4
saleor-master,ignore_except_block,8
saleor-master,assert_used,9
santricity-webapi-pythonsdk-master,assert_used,1
santricity-webapi-pythonsdk-master,eval_used,2
santricity-webapi-pythonsdk-master,hardcoded_secret,1113
scrapenhl2-master,assert_used,7
scrapenhl2-master,ignore_except_block,11
scrapenhl2-master,hardcoded_secret,4
scrapenhl2-master,debug_true,2
scraping-master,hardcoded_secret,6
scraping-master,ignore_except_block,6
security-growler-master,exec_used,6
security-growler-master,empty_password,3
security-growler-master,ignore_except_block,6
servicebook-web-master,hardcoded_secret,3
servicebook-web-master,http_without_tls,2
servicebook-web-master,ignore_except_block,1
shadowreader-master,assert_used,5
shadowreader-master,ignore_except_block,1
shopify_django_app-master,debug_true,1
shuup-master,shell_injection,1
shuup-master,hardcoded_secret,36
shuup-master,debug_true,2
shuup-master,exec_used,1
shuup-master,assert_used,72
shuup-master,ignore_except_block,63
shuup-master,empty_password,3
shuup-master,http_without_tls,1
simple_ecommerce-master,debug_true,1
simpleauth-master,ignore_except_block,6
simpleauth-master,hardcoded_secret,1
simpleeditions-master,ignore_except_block,1
simplenote.py-master,shell_injection,1
simplenote.py-master,hardcoded_secret,1
simplenote.py-master,ignore_except_block,1
site-master,ignore_except_block,1
slickr-master,ignore_except_block,1
social-commerce-project-master,debug_true,1
social-commerce-project-master,ignore_except_block,3
soul-manga-master,debug_true,1
soul-manga-master,assert_used,1
soul-manga-master,shell_injection,3
speed-camera-master,exec_used,2
speed-camera-master,ignore_except_block,3
speed-camera-master,shell_injection,3
streamlit-develop,ignore_except_block,30
streamlit-develop,hardcoded_secret,8
streamlit-develop,assert_used,17
streamlit-develop,http_without_tls,2
streamlit-develop,exec_used,2
streamlit-develop,pickle_used,1
streamlit-develop,shell_injection,3
suds-master,ignore_except_block,13
suds-master,hardcoded_secret,4
swish-python-master,ignore_except_block,1
terminal-leetcode-master,hardcoded_secret,30
terminal-leetcode-master,ignore_except_block,3
terminal-leetcode-master,shell_injection,2
terminal-leetcode-master,http_without_tls,1
thefuck-master,ignore_except_block,8
thefuck-master,hardcoded_secret,1
thefuck-master,shell_injection,10
thefuck-master,harcoded_tmp_dir,1
toopher-python-master,http_without_tls,2
toopher-python-master,hardcoded_secret,4
tornado-aws-master,ignore_except_block,1
twitter-for-bigquery-master,pickle_used,4
twitter-for-bigquery-master,ignore_except_block,33
twitter-for-bigquery-master,hardcoded_secret,13
twitter-for-bigquery-master,http_without_tls,2
twitter-for-bigquery-master,empty_password,1
twitter-for-bigquery-master,exec_used,1
twitter-for-bigquery-master,assert_used,1
us-sales-tax-rates-master,debug_true,1
ustchacker.com-master,hardcoded_secret,2
video-service-flask-master,http_without_tls,2
video-service-flask-master,ignore_except_block,1
video-service-flask-master,hardcoded_secret,1
vidscraper-develop,ignore_except_block,9
vidscraper-develop,hardcoded_secret,8
vidscraper-develop,http_without_tls,3
vision-web-service-master,assert_used,5
wagtail-snipcart-master,ignore_except_block,2
wagtail-snipcart-master,debug_true,1
wagtail-torchbox-master,ignore_except_block,9
wagtail-torchbox-master,debug_true,1
wagtail-torchbox-master,http_without_tls,1
wappalyzer-python-master,http_without_tls,3
warp-master,hardcoded_secret,2
warp-master,ignore_except_block,1
waterbutler-develop,exec_used,1
waterbutler-develop,hardcoded_secret,9
waterbutler-develop,assert_used,10
waterbutler-develop,ignore_except_block,9
waterbutler-develop,pickle_used,1
weatherlink-python-master,shell_injection,2
weatherlink-python-master,ignore_except_block,4
web-app-skeleton-master,hardcoded_secret,6
web-app-skeleton-master,ignore_except_block,2
web-scraping-master,assert_used,3
web-scraping-master,ignore_except_block,3
web-scraping-master,empty_password,1
webkiller-master,shell_injection,5
webkiller-master,http_without_tls,5
webkiller-master,ignore_except_block,1
websauna-master,hardcoded_secret,9
websauna-master,assert_used,38
websauna-master,ignore_except_block,2
websauna-master,empty_password,7
websauna-master,shell_injection,1
websauna-master,eval_used,1
webservice-py-master,hardcoded_secret,3
webservice-py-master,ignore_except_block,2
webservice-py-master,empty_password,1
website-master,hardcoded_secret,4
website-master,debug_true,1
websockify-master,ignore_except_block,8
websockify-master,hardcoded_secret,1
websockify-master,http_without_tls,1
websockify-master,shell_injection,1
weiquncrawler-master,pickle_used,30
weiquncrawler-master,debug_true,6
weiquncrawler-master,ignore_except_block,13
weiquncrawler-master,hardcoded_secret,10
weshop-master,debug_true,1
weshop-master,ignore_except_block,1
white-master,hardcoded_secret,27
white-master,empty_password,4
white-master,shell_injection,1
white-master,debug_true,1
white-master,ignore_except_block,4
whitenoise-master,ignore_except_block,6
whitenoise-master,hardcoded_secret,2
wishlists-master,hardcoded_secret,8
wishlists-master,pickle_used,2
wishlists-master,assert_used,17
wtfpython-web-master,debug_true,1
zester-master,assert_used,1
zinc-python-master,ignore_except_block,2
