Error on line 833 ,Object of type bytes is not JSON serializable
Error on line 833 ,Object of type bytes is not JSON serializable
Error on line 833 ,Object of type bytes is not JSON serializable
Error on line 833 ,Object of type bytes is not JSON serializable
Error on line 833 ,Object of type bytes is not JSON serializable
Error on line 833 ,Object of type bytes is not JSON serializable
Error on line 833 ,Object of type bytes is not JSON serializable
Error on line 833 ,Object of type bytes is not JSON serializable
Error on line 833 ,Object of type bytes is not JSON serializable
Error on line 833 ,Object of type bytes is not JSON serializable
Error on line 833 ,Object of type bytes is not JSON serializable
Error on line 833 ,Object of type bytes is not JSON serializable
Error on line 833 ,Object of type bytes is not JSON serializable
Error on line 833 ,Object of type bytes is not JSON serializable
Error on line 833 ,Object of type bytes is not JSON serializable
'utf-8' codec can't decode byte 0xff in position 0: invalid start byte,Error on line 768
Error on line 833 ,Object of type bytes is not JSON serializable
Error on line 833 ,Object of type bytes is not JSON serializable
Error on line 833 ,Object of type bytes is not JSON serializable
Error on line 833 ,Object of type bytes is not JSON serializable
Error on line 833 ,Object of type bytes is not JSON serializable
Error on line 833 ,Object of type bytes is not JSON serializable
Error on line 833 ,Object of type bytes is not JSON serializable
Error on line 833 ,Object of type bytes is not JSON serializable
Error on line 833 ,Object of type bytes is not JSON serializable
Error on line 833 ,Object of type bytes is not JSON serializable
Error on line 833 ,Object of type bytes is not JSON serializable
Error on line 833 ,Object of type bytes is not JSON serializable
Error on line 833 ,Object of type bytes is not JSON serializable
Error on line 833 ,Object of type bytes is not JSON serializable
Error on line 833 ,Object of type bytes is not JSON serializable
Error on line 833 ,Object of type bytes is not JSON serializable
Error on line 833 ,Object of type bytes is not JSON serializable
Error on line 833 ,Object of type bytes is not JSON serializable
Error on line 833 ,Object of type bytes is not JSON serializable
Error on line 833 ,Object of type bytes is not JSON serializable
Error on line 833 ,Object of type bytes is not JSON serializable
Error on line 833 ,Object of type bytes is not JSON serializable
Error on line 833 ,Object of type bytes is not JSON serializable
Error on line 833 ,Object of type bytes is not JSON serializable
Error on line 833 ,Object of type bytes is not JSON serializable
Error on line 833 ,Object of type bytes is not JSON serializable
Error on line 833 ,Object of type bytes is not JSON serializable
Error on line 833 ,Object of type bytes is not JSON serializable
Error on line 833 ,Object of type bytes is not JSON serializable
Error on line 833 ,Object of type bytes is not JSON serializable
Error on line 833 ,Object of type bytes is not JSON serializable
Error on line 833 ,Object of type bytes is not JSON serializable
Error on line 833 ,Object of type bytes is not JSON serializable
'utf-8' codec can't decode byte 0xff in position 0: invalid start byte,Error on line 768
Error on line 833 ,Object of type bytes is not JSON serializable
Error on line 833 ,Object of type bytes is not JSON serializable
Error on line 833 ,Object of type bytes is not JSON serializable
unsupported operand type(s) for +: 'NoneType' and 'str',Error on line 453
Error on line 833 ,Object of type bytes is not JSON serializable
Error on line 833 ,Object of type bytes is not JSON serializable
Error on line 833 ,Object of type bytes is not JSON serializable
Error on line 833 ,Object of type bytes is not JSON serializable
Error on line 833 ,Object of type bytes is not JSON serializable
Error on line 833 ,Object of type bytes is not JSON serializable
Error on line 833 ,Object of type bytes is not JSON serializable
Error on line 833 ,Object of type bytes is not JSON serializable
Error on line 833 ,Object of type bytes is not JSON serializable
'utf-8' codec can't decode byte 0x8b in position 1: invalid start byte,Error on line 768
Error on line 833 ,Object of type bytes is not JSON serializable
Error on line 833 ,Object of type bytes is not JSON serializable
Error on line 833 ,Object of type bytes is not JSON serializable
Error on line 833 ,Object of type bytes is not JSON serializable
'utf-8' codec can't decode byte 0xc7 in position 0: unexpected end of data,Error on line 768
'utf-8' codec can't decode byte 0xc8 in position 0: unexpected end of data,Error on line 768
'utf-8' codec can't decode byte 0xc9 in position 0: unexpected end of data,Error on line 768
Error on line 833 ,Object of type bytes is not JSON serializable
Error on line 833 ,Object of type bytes is not JSON serializable
Error on line 833 ,Object of type bytes is not JSON serializable
Error on line 833 ,Object of type bytes is not JSON serializable
Error on line 833 ,Object of type bytes is not JSON serializable
Error on line 833 ,Object of type bytes is not JSON serializable
Error on line 833 ,Object of type bytes is not JSON serializable
Error on line 833 ,Object of type bytes is not JSON serializable
Error on line 833 ,Object of type bytes is not JSON serializable
unsupported operand type(s) for +: 'NoneType' and 'str',Error on line 453
Error on line 833 ,Object of type bytes is not JSON serializable
Error on line 833 ,Object of type bytes is not JSON serializable
Error on line 833 ,Object of type bytes is not JSON serializable
Error on line 833 ,Object of type bytes is not JSON serializable
Error on line 833 ,Object of type bytes is not JSON serializable
Error on line 833 ,Object of type bytes is not JSON serializable
Error on line 833 ,Object of type bytes is not JSON serializable
Error on line 833 ,Object of type bytes is not JSON serializable
Error on line 833 ,Object of type bytes is not JSON serializable
'utf-8' codec can't decode byte 0x8b in position 1: invalid start byte,Error on line 768
Error on line 833 ,Object of type bytes is not JSON serializable
Error on line 833 ,Object of type bytes is not JSON serializable
Error on line 833 ,Object of type bytes is not JSON serializable
Error on line 833 ,Object of type bytes is not JSON serializable
'utf-8' codec can't decode byte 0xc7 in position 0: unexpected end of data,Error on line 768
'utf-8' codec can't decode byte 0xc8 in position 0: unexpected end of data,Error on line 768
'utf-8' codec can't decode byte 0xc9 in position 0: unexpected end of data,Error on line 768
Error on line 833 ,Object of type bytes is not JSON serializable
Error on line 833 ,Object of type bytes is not JSON serializable
Error on line 833 ,Object of type bytes is not JSON serializable
Error on line 833 ,Object of type bytes is not JSON serializable
Error on line 833 ,Object of type bytes is not JSON serializable
Error on line 833 ,Object of type bytes is not JSON serializable
Error on line 833 ,Object of type bytes is not JSON serializable
Error on line 833 ,Object of type bytes is not JSON serializable
Error on line 833 ,Object of type bytes is not JSON serializable
Error on line 833 ,Object of type bytes is not JSON serializable
Error on line 833 ,Object of type bytes is not JSON serializable
Error on line 833 ,Object of type bytes is not JSON serializable
Error on line 833 ,Object of type bytes is not JSON serializable
Error on line 833 ,Object of type bytes is not JSON serializable
Error on line 833 ,Object of type bytes is not JSON serializable
Error on line 833 ,Object of type bytes is not JSON serializable
Error on line 833 ,Object of type bytes is not JSON serializable
Error on line 833 ,Object of type bytes is not JSON serializable
Error on line 833 ,Object of type bytes is not JSON serializable
Error on line 833 ,Object of type bytes is not JSON serializable
'NoneType' object is not subscriptable,Error on line 303
'NoneType' object is not subscriptable,Error on line 303
Error on line 833 ,Object of type bytes is not JSON serializable
Error on line 833 ,Object of type bytes is not JSON serializable
Error on line 833 ,Object of type bytes is not JSON serializable
Error on line 833 ,Object of type bytes is not JSON serializable
Error on line 833 ,Object of type bytes is not JSON serializable
Error on line 833 ,Object of type bytes is not JSON serializable
Error on line 833 ,Object of type bytes is not JSON serializable
Error on line 833 ,Object of type bytes is not JSON serializable
unsupported operand type(s) for +: 'NoneType' and 'str',Error on line 453
Error on line 833 ,Object of type bytes is not JSON serializable
Error on line 833 ,Object of type bytes is not JSON serializable
Error on line 833 ,Object of type bytes is not JSON serializable
Error on line 833 ,Object of type bytes is not JSON serializable
Error on line 833 ,Object of type bytes is not JSON serializable
Error on line 833 ,Object of type bytes is not JSON serializable
Error on line 833 ,Object of type bytes is not JSON serializable
Error on line 833 ,Object of type bytes is not JSON serializable
Error on line 833 ,Object of type bytes is not JSON serializable
'utf-8' codec can't decode byte 0x8b in position 1: invalid start byte,Error on line 768
Error on line 833 ,Object of type bytes is not JSON serializable
Error on line 833 ,Object of type bytes is not JSON serializable
Error on line 833 ,Object of type bytes is not JSON serializable
'utf-8' codec can't decode byte 0xc7 in position 0: unexpected end of data,Error on line 768
'utf-8' codec can't decode byte 0xc8 in position 0: unexpected end of data,Error on line 768
'utf-8' codec can't decode byte 0xc9 in position 0: unexpected end of data,Error on line 768
Error on line 833 ,Object of type bytes is not JSON serializable
Error on line 833 ,Object of type bytes is not JSON serializable
Error on line 833 ,Object of type bytes is not JSON serializable
Error on line 833 ,Object of type bytes is not JSON serializable
Error on line 833 ,Object of type bytes is not JSON serializable
Error on line 833 ,Object of type bytes is not JSON serializable
Error on line 833 ,Object of type bytes is not JSON serializable
Error on line 833 ,Object of type bytes is not JSON serializable
Error on line 833 ,Object of type bytes is not JSON serializable
Error on line 833 ,Object of type bytes is not JSON serializable
Error on line 833 ,Object of type bytes is not JSON serializable
Error on line 833 ,Object of type bytes is not JSON serializable
Error on line 833 ,Object of type bytes is not JSON serializable
Error on line 833 ,Object of type bytes is not JSON serializable
Error on line 833 ,Object of type bytes is not JSON serializable
Error on line 833 ,Object of type bytes is not JSON serializable
Error on line 833 ,Object of type bytes is not JSON serializable
Error on line 833 ,Object of type bytes is not JSON serializable
Error on line 833 ,Object of type bytes is not JSON serializable
Error on line 833 ,Object of type bytes is not JSON serializable
Error on line 833 ,Object of type bytes is not JSON serializable
Error on line 833 ,Object of type bytes is not JSON serializable
Error on line 833 ,Object of type bytes is not JSON serializable
Error on line 833 ,Object of type bytes is not JSON serializable
Error on line 833 ,Object of type bytes is not JSON serializable
Error on line 833 ,Object of type bytes is not JSON serializable
Error on line 833 ,Object of type bytes is not JSON serializable
Error on line 833 ,Object of type bytes is not JSON serializable
Error on line 833 ,Object of type bytes is not JSON serializable
Error on line 833 ,Object of type bytes is not JSON serializable
'utf-8' codec can't decode byte 0xff in position 0: invalid start byte,Error on line 768
Error on line 833 ,Object of type bytes is not JSON serializable
Error on line 833 ,Object of type bytes is not JSON serializable
Error on line 833 ,Object of type bytes is not JSON serializable
Error on line 833 ,Object of type bytes is not JSON serializable
Error on line 833 ,Object of type bytes is not JSON serializable
Error on line 833 ,Object of type bytes is not JSON serializable
Error on line 833 ,Object of type bytes is not JSON serializable
Error on line 833 ,Object of type bytes is not JSON serializable
Error on line 833 ,Object of type bytes is not JSON serializable
Error on line 833 ,Object of type bytes is not JSON serializable
Error on line 833 ,Object of type bytes is not JSON serializable
Error on line 833 ,Object of type bytes is not JSON serializable
Error on line 833 ,Object of type bytes is not JSON serializable
Error on line 833 ,Object of type bytes is not JSON serializable
Error on line 833 ,Object of type bytes is not JSON serializable
Error on line 833 ,Object of type bytes is not JSON serializable
Error on line 833 ,Object of type bytes is not JSON serializable
Error on line 833 ,Object of type bytes is not JSON serializable
Error on line 833 ,Object of type bytes is not JSON serializable
Error on line 833 ,Object of type bytes is not JSON serializable
Error on line 833 ,Object of type bytes is not JSON serializable
Error on line 833 ,Object of type bytes is not JSON serializable
Error on line 833 ,Object of type bytes is not JSON serializable
Error on line 833 ,Object of type bytes is not JSON serializable
Error on line 833 ,Object of type bytes is not JSON serializable
Error on line 833 ,Object of type bytes is not JSON serializable
Error on line 833 ,Object of type bytes is not JSON serializable
Error on line 833 ,Object of type bytes is not JSON serializable
Error on line 833 ,Object of type bytes is not JSON serializable
Error on line 833 ,Object of type bytes is not JSON serializable
Error on line 833 ,Object of type bytes is not JSON serializable
Error on line 833 ,Object of type bytes is not JSON serializable
Error on line 833 ,Object of type bytes is not JSON serializable
Error on line 833 ,Object of type bytes is not JSON serializable
'utf-8' codec can't decode byte 0xff in position 0: invalid start byte,Error on line 768
Error on line 833 ,Object of type bytes is not JSON serializable
Error on line 833 ,Object of type bytes is not JSON serializable
Error on line 833 ,Object of type bytes is not JSON serializable
Error on line 833 ,Object of type bytes is not JSON serializable
Error on line 833 ,Object of type bytes is not JSON serializable
Error on line 833 ,Object of type bytes is not JSON serializable
Error on line 833 ,Object of type bytes is not JSON serializable
Error on line 833 ,Object of type bytes is not JSON serializable
Error on line 833 ,Object of type bytes is not JSON serializable
Error on line 833 ,Object of type bytes is not JSON serializable
Error on line 833 ,Object of type bytes is not JSON serializable
Error on line 833 ,Object of type bytes is not JSON serializable
Error on line 833 ,Object of type bytes is not JSON serializable
Error on line 833 ,Object of type bytes is not JSON serializable
Error on line 833 ,Object of type bytes is not JSON serializable
Error on line 833 ,Object of type bytes is not JSON serializable
Error on line 833 ,Object of type bytes is not JSON serializable
Error on line 833 ,Object of type bytes is not JSON serializable
Error on line 833 ,Object of type bytes is not JSON serializable
Error on line 833 ,Object of type bytes is not JSON serializable
Error on line 833 ,Object of type bytes is not JSON serializable
Error on line 833 ,Object of type bytes is not JSON serializable
Error on line 833 ,Object of type bytes is not JSON serializable
Error on line 833 ,Object of type bytes is not JSON serializable
Error on line 833 ,Object of type bytes is not JSON serializable
Error on line 833 ,Object of type bytes is not JSON serializable
Error on line 833 ,Object of type bytes is not JSON serializable
'utf-8' codec can't decode byte 0xad in position 0: invalid start byte,Error on line 768
'utf-8' codec can't decode byte 0x8b in position 1: invalid start byte,Error on line 768
Error on line 833 ,Object of type bytes is not JSON serializable
Error on line 833 ,Object of type bytes is not JSON serializable
Error on line 833 ,Object of type bytes is not JSON serializable
Error on line 833 ,Object of type bytes is not JSON serializable
Error on line 833 ,Object of type bytes is not JSON serializable
Error on line 833 ,Object of type bytes is not JSON serializable
Error on line 833 ,Object of type bytes is not JSON serializable
Error on line 833 ,Object of type bytes is not JSON serializable
Error on line 833 ,Object of type bytes is not JSON serializable
Error on line 833 ,Object of type bytes is not JSON serializable
Error on line 833 ,Object of type bytes is not JSON serializable
Error on line 833 ,Object of type bytes is not JSON serializable
Error on line 833 ,Object of type bytes is not JSON serializable
Error on line 833 ,Object of type bytes is not JSON serializable
Error on line 833 ,Object of type bytes is not JSON serializable
'utf-8' codec can't decode byte 0x8b in position 1: invalid start byte,Error on line 768
Error on line 833 ,Object of type bytes is not JSON serializable
Error on line 833 ,Object of type bytes is not JSON serializable
Error on line 833 ,Object of type bytes is not JSON serializable
Error on line 833 ,Object of type bytes is not JSON serializable
Error on line 833 ,Object of type bytes is not JSON serializable
Error on line 833 ,Object of type bytes is not JSON serializable
Error on line 833 ,Object of type bytes is not JSON serializable
Error on line 833 ,Object of type bytes is not JSON serializable
Error on line 833 ,Object of type bytes is not JSON serializable
Error on line 833 ,Object of type bytes is not JSON serializable
Error on line 833 ,Object of type bytes is not JSON serializable
Error on line 833 ,Object of type bytes is not JSON serializable
Error on line 833 ,Object of type bytes is not JSON serializable
Error on line 833 ,Object of type bytes is not JSON serializable
Error on line 833 ,Object of type bytes is not JSON serializable
Error on line 833 ,Object of type bytes is not JSON serializable
Error on line 833 ,Object of type bytes is not JSON serializable
Error on line 833 ,Object of type bytes is not JSON serializable
Error on line 833 ,Object of type bytes is not JSON serializable
Error on line 833 ,Object of type bytes is not JSON serializable
Error on line 833 ,Object of type bytes is not JSON serializable
Error on line 833 ,Object of type bytes is not JSON serializable
Error on line 833 ,Object of type bytes is not JSON serializable
Error on line 833 ,Object of type bytes is not JSON serializable
Error on line 833 ,Object of type bytes is not JSON serializable
Error on line 833 ,Object of type bytes is not JSON serializable
'utf-8' codec can't decode byte 0xff in position 0: invalid start byte,Error on line 768
Error on line 833 ,Object of type bytes is not JSON serializable
Error on line 833 ,Object of type bytes is not JSON serializable
Error on line 833 ,Object of type bytes is not JSON serializable
Error on line 833 ,Object of type bytes is not JSON serializable
Error on line 833 ,Object of type bytes is not JSON serializable
Error on line 833 ,Object of type bytes is not JSON serializable
Error on line 833 ,Object of type bytes is not JSON serializable
Error on line 833 ,Object of type bytes is not JSON serializable
Error on line 833 ,Object of type bytes is not JSON serializable
Error on line 833 ,Object of type bytes is not JSON serializable
Error on line 833 ,Object of type bytes is not JSON serializable
Error on line 833 ,Object of type bytes is not JSON serializable
Error on line 833 ,Object of type bytes is not JSON serializable
Error on line 833 ,Object of type bytes is not JSON serializable
Error on line 833 ,Object of type bytes is not JSON serializable
Error on line 833 ,Object of type bytes is not JSON serializable
Error on line 833 ,Object of type bytes is not JSON serializable
Error on line 833 ,Object of type bytes is not JSON serializable
Error on line 833 ,Object of type bytes is not JSON serializable
Error on line 833 ,Object of type bytes is not JSON serializable
Error on line 833 ,Object of type bytes is not JSON serializable
Error on line 833 ,Object of type bytes is not JSON serializable
Error on line 833 ,Object of type bytes is not JSON serializable
Error on line 833 ,Object of type bytes is not JSON serializable
Error on line 833 ,Object of type bytes is not JSON serializable
Error on line 833 ,Object of type bytes is not JSON serializable
Error on line 833 ,Object of type bytes is not JSON serializable
Error on line 833 ,Object of type bytes is not JSON serializable
Error on line 833 ,Object of type bytes is not JSON serializable
Error on line 833 ,Object of type bytes is not JSON serializable
Error on line 833 ,Object of type bytes is not JSON serializable
'utf-8' codec can't decode byte 0xff in position 0: invalid start byte,Error on line 768
Error on line 833 ,Object of type bytes is not JSON serializable
Error on line 833 ,Object of type bytes is not JSON serializable
Error on line 833 ,Object of type bytes is not JSON serializable
Error on line 833 ,Object of type bytes is not JSON serializable
Error on line 833 ,Object of type bytes is not JSON serializable
Error on line 833 ,Object of type bytes is not JSON serializable
Error on line 833 ,Object of type bytes is not JSON serializable
Error on line 833 ,Object of type bytes is not JSON serializable
Error on line 833 ,Object of type bytes is not JSON serializable
Error on line 833 ,Object of type bytes is not JSON serializable
Error on line 833 ,Object of type bytes is not JSON serializable
Error on line 833 ,Object of type bytes is not JSON serializable
Error on line 833 ,Object of type bytes is not JSON serializable
Error on line 833 ,Object of type bytes is not JSON serializable
Error on line 833 ,Object of type bytes is not JSON serializable
Error on line 833 ,Object of type bytes is not JSON serializable
Error on line 833 ,Object of type bytes is not JSON serializable
Error on line 833 ,Object of type bytes is not JSON serializable
Error on line 833 ,Object of type bytes is not JSON serializable
Error on line 833 ,Object of type ellipsis is not JSON serializable
Error on line 833 ,Object of type bytes is not JSON serializable
Error on line 833 ,Object of type bytes is not JSON serializable
Error on line 833 ,Object of type bytes is not JSON serializable
Error on line 833 ,Object of type bytes is not JSON serializable
Error on line 833 ,Object of type bytes is not JSON serializable
Error on line 833 ,Object of type bytes is not JSON serializable
Error on line 833 ,Object of type bytes is not JSON serializable
Error on line 833 ,Object of type bytes is not JSON serializable
Error on line 833 ,Object of type bytes is not JSON serializable
Error on line 833 ,Object of type bytes is not JSON serializable
Error on line 833 ,Object of type bytes is not JSON serializable
Error on line 833 ,Object of type bytes is not JSON serializable
Error on line 833 ,Object of type bytes is not JSON serializable
Error on line 833 ,Object of type bytes is not JSON serializable
Error on line 833 ,Object of type bytes is not JSON serializable
'utf-8' codec can't decode byte 0x8b in position 1: invalid start byte,Error on line 768
Error on line 833 ,Object of type bytes is not JSON serializable
Error on line 833 ,Object of type bytes is not JSON serializable
Error on line 833 ,Object of type bytes is not JSON serializable
Error on line 833 ,Object of type bytes is not JSON serializable
Error on line 833 ,Object of type bytes is not JSON serializable
Error on line 833 ,Object of type bytes is not JSON serializable
Error on line 833 ,Object of type bytes is not JSON serializable
Error on line 833 ,Object of type bytes is not JSON serializable
Error on line 833 ,Object of type bytes is not JSON serializable
Error on line 833 ,Object of type bytes is not JSON serializable
Error on line 833 ,Object of type bytes is not JSON serializable
Error on line 833 ,Object of type bytes is not JSON serializable
Error on line 833 ,Object of type bytes is not JSON serializable
Error on line 833 ,Object of type bytes is not JSON serializable
Error on line 833 ,Object of type bytes is not JSON serializable
Error on line 833 ,Object of type bytes is not JSON serializable
Error on line 833 ,Object of type bytes is not JSON serializable
Error on line 833 ,Object of type bytes is not JSON serializable
Error on line 833 ,Object of type bytes is not JSON serializable
Error on line 833 ,Object of type bytes is not JSON serializable
Error on line 833 ,Object of type bytes is not JSON serializable
Error on line 833 ,Object of type bytes is not JSON serializable
Error on line 833 ,Object of type bytes is not JSON serializable
Error on line 833 ,Object of type bytes is not JSON serializable
Error on line 833 ,Object of type bytes is not JSON serializable
Error on line 833 ,Object of type bytes is not JSON serializable
Error on line 833 ,Object of type bytes is not JSON serializable
Error on line 833 ,Object of type bytes is not JSON serializable
Error on line 833 ,Object of type bytes is not JSON serializable
Error on line 833 ,Object of type bytes is not JSON serializable
Error on line 833 ,Object of type bytes is not JSON serializable
Error on line 833 ,Object of type bytes is not JSON serializable
Error on line 833 ,Object of type bytes is not JSON serializable
Error on line 833 ,Object of type bytes is not JSON serializable
Error on line 833 ,Object of type bytes is not JSON serializable
Error on line 833 ,Object of type bytes is not JSON serializable
Error on line 833 ,Object of type bytes is not JSON serializable
Error on line 833 ,Object of type bytes is not JSON serializable
Error on line 833 ,Object of type bytes is not JSON serializable
Error on line 833 ,Object of type bytes is not JSON serializable
Error on line 833 ,Object of type bytes is not JSON serializable
Error on line 833 ,Object of type bytes is not JSON serializable
Error on line 833 ,Object of type bytes is not JSON serializable
Error on line 833 ,Object of type bytes is not JSON serializable
Error on line 833 ,Object of type bytes is not JSON serializable
Error on line 833 ,Object of type bytes is not JSON serializable
Error on line 833 ,Object of type bytes is not JSON serializable
Error on line 833 ,Object of type bytes is not JSON serializable
Error on line 833 ,Object of type bytes is not JSON serializable
Error on line 833 ,Object of type bytes is not JSON serializable
Error on line 833 ,Object of type bytes is not JSON serializable
Error on line 833 ,Object of type bytes is not JSON serializable
Error on line 833 ,Object of type bytes is not JSON serializable
Error on line 833 ,Object of type bytes is not JSON serializable
Error on line 833 ,Object of type bytes is not JSON serializable
Error on line 833 ,Object of type bytes is not JSON serializable
Error on line 833 ,Object of type bytes is not JSON serializable
Error on line 833 ,Object of type bytes is not JSON serializable
Error on line 833 ,Object of type bytes is not JSON serializable
Error on line 833 ,Object of type bytes is not JSON serializable
Error on line 833 ,Object of type bytes is not JSON serializable
Error on line 833 ,Object of type bytes is not JSON serializable
Error on line 833 ,Object of type bytes is not JSON serializable
Error on line 833 ,Object of type bytes is not JSON serializable
Error on line 833 ,Object of type bytes is not JSON serializable
Error on line 833 ,Object of type bytes is not JSON serializable
Error on line 833 ,Object of type bytes is not JSON serializable
Error on line 833 ,Object of type bytes is not JSON serializable
Error on line 833 ,Object of type bytes is not JSON serializable
Error on line 833 ,Object of type bytes is not JSON serializable
Error on line 833 ,Object of type bytes is not JSON serializable
Error on line 833 ,Object of type bytes is not JSON serializable
Error on line 833 ,Object of type bytes is not JSON serializable
Error on line 833 ,Object of type bytes is not JSON serializable
Error on line 833 ,Object of type bytes is not JSON serializable
Error on line 833 ,Object of type bytes is not JSON serializable
Error on line 833 ,Object of type bytes is not JSON serializable
Error on line 833 ,Object of type bytes is not JSON serializable
Error on line 833 ,Object of type bytes is not JSON serializable
Error on line 833 ,Object of type bytes is not JSON serializable
Error on line 833 ,Object of type bytes is not JSON serializable
Error on line 833 ,Object of type bytes is not JSON serializable
Error on line 833 ,Object of type bytes is not JSON serializable
Error on line 833 ,Object of type bytes is not JSON serializable
Error on line 833 ,Object of type bytes is not JSON serializable
Error on line 833 ,Object of type bytes is not JSON serializable
Error on line 833 ,Object of type bytes is not JSON serializable
Error on line 833 ,Object of type bytes is not JSON serializable
Error on line 833 ,Object of type bytes is not JSON serializable
Error on line 833 ,Object of type bytes is not JSON serializable
Error on line 833 ,Object of type bytes is not JSON serializable
Error on line 833 ,Object of type bytes is not JSON serializable
Error on line 833 ,Object of type bytes is not JSON serializable
Error on line 833 ,Object of type bytes is not JSON serializable
Error on line 833 ,Object of type bytes is not JSON serializable
Error on line 833 ,Object of type bytes is not JSON serializable
Error on line 833 ,Object of type bytes is not JSON serializable
Error on line 833 ,Object of type bytes is not JSON serializable
Error on line 833 ,Object of type bytes is not JSON serializable
Error on line 833 ,Object of type bytes is not JSON serializable
Error on line 833 ,Object of type bytes is not JSON serializable
Error on line 833 ,Object of type bytes is not JSON serializable
Error on line 833 ,Object of type bytes is not JSON serializable
Error on line 833 ,Object of type bytes is not JSON serializable
Error on line 833 ,Object of type bytes is not JSON serializable
Error on line 833 ,Object of type bytes is not JSON serializable
Error on line 833 ,Object of type bytes is not JSON serializable
Error on line 833 ,Object of type bytes is not JSON serializable
Error on line 833 ,Object of type bytes is not JSON serializable
Error on line 833 ,Object of type bytes is not JSON serializable
Error on line 833 ,Object of type bytes is not JSON serializable
Error on line 833 ,Object of type complex is not JSON serializable
Error on line 833 ,Object of type bytes is not JSON serializable
'NoneType' object is not subscriptable,Error on line 302
Error on line 833 ,Object of type bytes is not JSON serializable
Error on line 833 ,Object of type bytes is not JSON serializable
Error on line 833 ,Object of type bytes is not JSON serializable
Error on line 833 ,Object of type bytes is not JSON serializable
Error on line 833 ,Object of type bytes is not JSON serializable
Error on line 833 ,Object of type bytes is not JSON serializable
Error on line 833 ,Object of type bytes is not JSON serializable
Error on line 833 ,Object of type bytes is not JSON serializable
Error on line 833 ,Object of type bytes is not JSON serializable
Error on line 833 ,Object of type bytes is not JSON serializable
Error on line 833 ,Object of type bytes is not JSON serializable
Error on line 833 ,Object of type bytes is not JSON serializable
Error on line 833 ,Object of type bytes is not JSON serializable
Error on line 833 ,Object of type bytes is not JSON serializable
Error on line 833 ,Object of type bytes is not JSON serializable
Error on line 833 ,Object of type bytes is not JSON serializable
Error on line 833 ,Object of type bytes is not JSON serializable
Error on line 833 ,Object of type bytes is not JSON serializable
Error on line 833 ,Object of type bytes is not JSON serializable
Error on line 833 ,Object of type bytes is not JSON serializable
Error on line 833 ,Object of type bytes is not JSON serializable
Error on line 833 ,Object of type bytes is not JSON serializable
Error on line 833 ,Object of type bytes is not JSON serializable
Error on line 833 ,Object of type bytes is not JSON serializable
Error on line 833 ,Object of type bytes is not JSON serializable
'utf-8' codec can't decode byte 0x8b in position 1: invalid start byte,Error on line 768
Error on line 833 ,Object of type bytes is not JSON serializable
Error on line 833 ,Object of type bytes is not JSON serializable
Error on line 833 ,Object of type bytes is not JSON serializable
'utf-8' codec can't decode byte 0xc7 in position 0: unexpected end of data,Error on line 768
'utf-8' codec can't decode byte 0xc8 in position 0: unexpected end of data,Error on line 768
'utf-8' codec can't decode byte 0xc9 in position 0: unexpected end of data,Error on line 768
Error on line 833 ,Object of type bytes is not JSON serializable
Error on line 833 ,Object of type bytes is not JSON serializable
Error on line 833 ,Object of type bytes is not JSON serializable
Error on line 833 ,Object of type bytes is not JSON serializable
Error on line 833 ,Object of type bytes is not JSON serializable
Error on line 833 ,Object of type bytes is not JSON serializable
Error on line 833 ,Object of type bytes is not JSON serializable
Error on line 833 ,Object of type bytes is not JSON serializable
Error on line 833 ,Object of type bytes is not JSON serializable
Error on line 833 ,Object of type bytes is not JSON serializable
unsupported operand type(s) for +: 'NoneType' and 'str',Error on line 453
unsupported operand type(s) for +: 'NoneType' and 'str',Error on line 453
Error on line 833 ,Object of type bytes is not JSON serializable
Error on line 833 ,Object of type bytes is not JSON serializable
Error on line 833 ,Object of type bytes is not JSON serializable
Error on line 833 ,Object of type bytes is not JSON serializable
Error on line 833 ,Object of type bytes is not JSON serializable
Error on line 833 ,Object of type bytes is not JSON serializable
Error on line 833 ,Object of type bytes is not JSON serializable
Error on line 833 ,Object of type bytes is not JSON serializable
Error on line 833 ,Object of type bytes is not JSON serializable
'utf-8' codec can't decode byte 0x8b in position 1: invalid start byte,Error on line 768
Error on line 833 ,Object of type bytes is not JSON serializable
Error on line 833 ,Object of type bytes is not JSON serializable
Error on line 833 ,Object of type bytes is not JSON serializable
Error on line 833 ,Object of type bytes is not JSON serializable
'utf-8' codec can't decode byte 0xc7 in position 0: unexpected end of data,Error on line 768
'utf-8' codec can't decode byte 0xc8 in position 0: unexpected end of data,Error on line 768
'utf-8' codec can't decode byte 0xc9 in position 0: unexpected end of data,Error on line 768
Error on line 833 ,Object of type bytes is not JSON serializable
Error on line 833 ,Object of type bytes is not JSON serializable
Error on line 833 ,Object of type bytes is not JSON serializable
Error on line 833 ,Object of type bytes is not JSON serializable
Error on line 833 ,Object of type bytes is not JSON serializable
Error on line 833 ,Object of type bytes is not JSON serializable
Error on line 833 ,Object of type bytes is not JSON serializable
Error on line 833 ,Object of type bytes is not JSON serializable
Error on line 833 ,Object of type bytes is not JSON serializable
'utf-8' codec can't decode byte 0xff in position 0: invalid start byte,Error on line 768
Error on line 833 ,Object of type bytes is not JSON serializable
Error on line 833 ,Object of type bytes is not JSON serializable
Error on line 833 ,Object of type bytes is not JSON serializable
Error on line 833 ,Object of type bytes is not JSON serializable
Error on line 833 ,Object of type bytes is not JSON serializable
Error on line 833 ,Object of type bytes is not JSON serializable
Error on line 833 ,Object of type bytes is not JSON serializable
Error on line 833 ,Object of type bytes is not JSON serializable
Error on line 833 ,Object of type bytes is not JSON serializable
Error on line 833 ,Object of type bytes is not JSON serializable
Error on line 833 ,Object of type bytes is not JSON serializable
Error on line 833 ,Object of type bytes is not JSON serializable
Error on line 833 ,Object of type bytes is not JSON serializable
Error on line 833 ,Object of type bytes is not JSON serializable
Error on line 833 ,Object of type bytes is not JSON serializable
Error on line 833 ,Object of type bytes is not JSON serializable
Error on line 833 ,Object of type bytes is not JSON serializable
Error on line 833 ,Object of type bytes is not JSON serializable
Error on line 833 ,Object of type bytes is not JSON serializable
Error on line 833 ,Object of type bytes is not JSON serializable
Error on line 833 ,Object of type bytes is not JSON serializable
Error on line 833 ,Object of type bytes is not JSON serializable
Error on line 833 ,Object of type bytes is not JSON serializable
'utf-8' codec can't decode byte 0xff in position 0: invalid start byte,Error on line 768
Error on line 833 ,Object of type bytes is not JSON serializable
Error on line 833 ,Object of type bytes is not JSON serializable
Error on line 833 ,Object of type bytes is not JSON serializable
Error on line 833 ,Object of type bytes is not JSON serializable
Error on line 833 ,Object of type bytes is not JSON serializable
Error on line 833 ,Object of type bytes is not JSON serializable
Error on line 833 ,Object of type bytes is not JSON serializable
Error on line 833 ,Object of type bytes is not JSON serializable
Error on line 833 ,Object of type bytes is not JSON serializable
Error on line 833 ,Object of type bytes is not JSON serializable
Error on line 833 ,Object of type bytes is not JSON serializable
Error on line 833 ,Object of type bytes is not JSON serializable
Error on line 833 ,Object of type bytes is not JSON serializable
Error on line 833 ,Object of type bytes is not JSON serializable
Error on line 833 ,Object of type bytes is not JSON serializable
Error on line 833 ,Object of type bytes is not JSON serializable
Error on line 833 ,Object of type bytes is not JSON serializable
Error on line 833 ,Object of type bytes is not JSON serializable
Error on line 833 ,Object of type bytes is not JSON serializable
Error on line 833 ,Object of type bytes is not JSON serializable
Error on line 833 ,Object of type bytes is not JSON serializable
Error on line 833 ,Object of type bytes is not JSON serializable
Error on line 833 ,Object of type bytes is not JSON serializable
Error on line 833 ,Object of type bytes is not JSON serializable
Error on line 833 ,Object of type bytes is not JSON serializable
Error on line 833 ,Object of type bytes is not JSON serializable
Error on line 833 ,Object of type bytes is not JSON serializable
Error on line 833 ,Object of type bytes is not JSON serializable
Error on line 833 ,Object of type bytes is not JSON serializable
Error on line 833 ,Object of type bytes is not JSON serializable
Error on line 833 ,Object of type bytes is not JSON serializable
Error on line 833 ,Object of type bytes is not JSON serializable
Error on line 833 ,Object of type bytes is not JSON serializable
'utf-8' codec can't decode byte 0xff in position 0: invalid start byte,Error on line 768
Error on line 833 ,Object of type bytes is not JSON serializable
Error on line 833 ,Object of type bytes is not JSON serializable
Error on line 833 ,Object of type bytes is not JSON serializable
Error on line 833 ,Object of type bytes is not JSON serializable
Error on line 833 ,Object of type bytes is not JSON serializable
Error on line 833 ,Object of type bytes is not JSON serializable
Error on line 833 ,Object of type bytes is not JSON serializable
Error on line 833 ,Object of type bytes is not JSON serializable
Error on line 833 ,Object of type bytes is not JSON serializable
Error on line 833 ,Object of type bytes is not JSON serializable
Error on line 833 ,Object of type bytes is not JSON serializable
Error on line 833 ,Object of type bytes is not JSON serializable
Error on line 833 ,Object of type bytes is not JSON serializable
Error on line 833 ,Object of type bytes is not JSON serializable
Error on line 833 ,Object of type bytes is not JSON serializable
Error on line 833 ,Object of type bytes is not JSON serializable
Error on line 833 ,Object of type bytes is not JSON serializable
Error on line 833 ,Object of type complex is not JSON serializable
Error on line 833 ,Object of type bytes is not JSON serializable
Error on line 833 ,Object of type bytes is not JSON serializable
Error on line 833 ,Object of type complex is not JSON serializable
Error on line 833 ,Object of type bytes is not JSON serializable
Error on line 833 ,Object of type bytes is not JSON serializable
Error on line 833 ,Object of type bytes is not JSON serializable
Error on line 833 ,Object of type bytes is not JSON serializable
Error on line 833 ,Object of type bytes is not JSON serializable
Error on line 833 ,Object of type bytes is not JSON serializable
Error on line 833 ,Object of type bytes is not JSON serializable
'utf-8' codec can't decode byte 0xff in position 0: invalid start byte,Error on line 768
Error on line 833 ,Object of type bytes is not JSON serializable
Error on line 833 ,Object of type bytes is not JSON serializable
Error on line 833 ,Object of type bytes is not JSON serializable
Error on line 833 ,Object of type bytes is not JSON serializable
Error on line 833 ,Object of type bytes is not JSON serializable
Error on line 833 ,Object of type bytes is not JSON serializable
Error on line 833 ,Object of type bytes is not JSON serializable
Error on line 833 ,Object of type bytes is not JSON serializable
Error on line 833 ,Object of type bytes is not JSON serializable
'utf-8' codec can't decode byte 0xc2 in position 4: invalid continuation byte,Error on line 768
Error on line 833 ,Object of type bytes is not JSON serializable
Error on line 833 ,Object of type bytes is not JSON serializable
Error on line 833 ,Object of type bytes is not JSON serializable
Error on line 833 ,Object of type bytes is not JSON serializable
Error on line 833 ,Object of type bytes is not JSON serializable
Error on line 833 ,Object of type bytes is not JSON serializable
Error on line 833 ,Object of type bytes is not JSON serializable
Error on line 833 ,Object of type bytes is not JSON serializable
Error on line 833 ,Object of type bytes is not JSON serializable
Error on line 833 ,Object of type bytes is not JSON serializable
Error on line 833 ,Object of type bytes is not JSON serializable
Error on line 833 ,Object of type bytes is not JSON serializable
Error on line 833 ,Object of type bytes is not JSON serializable
Error on line 833 ,Object of type bytes is not JSON serializable
Error on line 833 ,Object of type bytes is not JSON serializable
Error on line 833 ,Object of type bytes is not JSON serializable
Error on line 833 ,Object of type bytes is not JSON serializable
Error on line 833 ,Object of type bytes is not JSON serializable
Error on line 833 ,Object of type bytes is not JSON serializable
Error on line 833 ,Object of type bytes is not JSON serializable
Error on line 833 ,Object of type bytes is not JSON serializable
Error on line 833 ,Object of type bytes is not JSON serializable
Error on line 833 ,Object of type bytes is not JSON serializable
Error on line 833 ,Object of type bytes is not JSON serializable
Error on line 833 ,Object of type bytes is not JSON serializable
Error on line 833 ,Object of type bytes is not JSON serializable
Error on line 833 ,Object of type bytes is not JSON serializable
Error on line 833 ,Object of type bytes is not JSON serializable
Error on line 833 ,Object of type bytes is not JSON serializable
Error on line 833 ,Object of type bytes is not JSON serializable
Error on line 833 ,Object of type bytes is not JSON serializable
Error on line 833 ,Object of type bytes is not JSON serializable
Error on line 833 ,Object of type bytes is not JSON serializable
Error on line 833 ,Object of type bytes is not JSON serializable
Error on line 833 ,Object of type bytes is not JSON serializable
Error on line 833 ,Object of type bytes is not JSON serializable
Error on line 833 ,Object of type bytes is not JSON serializable
Error on line 833 ,Object of type bytes is not JSON serializable
Error on line 833 ,Object of type bytes is not JSON serializable
Error on line 833 ,Object of type bytes is not JSON serializable
Error on line 833 ,Object of type bytes is not JSON serializable
Error on line 833 ,Object of type bytes is not JSON serializable
Error on line 833 ,Object of type bytes is not JSON serializable
Error on line 833 ,Object of type bytes is not JSON serializable
Error on line 833 ,Object of type bytes is not JSON serializable
Error on line 833 ,Object of type bytes is not JSON serializable
Error on line 833 ,Object of type bytes is not JSON serializable
Error on line 833 ,Object of type bytes is not JSON serializable
Error on line 833 ,Object of type bytes is not JSON serializable
Error on line 833 ,Object of type bytes is not JSON serializable
Error on line 833 ,Object of type bytes is not JSON serializable
Error on line 833 ,Object of type bytes is not JSON serializable
Error on line 833 ,Object of type bytes is not JSON serializable
Error on line 833 ,Object of type bytes is not JSON serializable
Error on line 833 ,Object of type bytes is not JSON serializable
Error on line 833 ,Object of type bytes is not JSON serializable
Error on line 833 ,Object of type bytes is not JSON serializable
Error on line 833 ,Object of type bytes is not JSON serializable
Error on line 833 ,Object of type ellipsis is not JSON serializable
unsupported operand type(s) for +: 'NoneType' and 'str',Error on line 453
Error on line 833 ,Object of type bytes is not JSON serializable
Error on line 833 ,Object of type bytes is not JSON serializable
Error on line 833 ,Object of type bytes is not JSON serializable
Error on line 833 ,Object of type bytes is not JSON serializable
Error on line 833 ,Object of type bytes is not JSON serializable
Error on line 833 ,Object of type bytes is not JSON serializable
Error on line 833 ,Object of type bytes is not JSON serializable
Error on line 833 ,Object of type bytes is not JSON serializable
Error on line 833 ,Object of type bytes is not JSON serializable
'utf-8' codec can't decode byte 0x8b in position 1: invalid start byte,Error on line 768
Error on line 833 ,Object of type bytes is not JSON serializable
Error on line 833 ,Object of type bytes is not JSON serializable
Error on line 833 ,Object of type bytes is not JSON serializable
Error on line 833 ,Object of type bytes is not JSON serializable
'utf-8' codec can't decode byte 0xc7 in position 0: unexpected end of data,Error on line 768
'utf-8' codec can't decode byte 0xc8 in position 0: unexpected end of data,Error on line 768
'utf-8' codec can't decode byte 0xc9 in position 0: unexpected end of data,Error on line 768
Error on line 833 ,Object of type bytes is not JSON serializable
Error on line 833 ,Object of type bytes is not JSON serializable
Error on line 833 ,Object of type bytes is not JSON serializable
Error on line 833 ,Object of type bytes is not JSON serializable
Error on line 833 ,Object of type bytes is not JSON serializable
Error on line 833 ,Object of type bytes is not JSON serializable
Error on line 833 ,Object of type bytes is not JSON serializable
Error on line 833 ,Object of type bytes is not JSON serializable
Error on line 833 ,Object of type bytes is not JSON serializable
Error on line 833 ,Object of type bytes is not JSON serializable
'utf-8' codec can't decode byte 0xff in position 0: invalid start byte,Error on line 768
Error on line 833 ,Object of type bytes is not JSON serializable
Error on line 833 ,Object of type bytes is not JSON serializable
Error on line 833 ,Object of type bytes is not JSON serializable
Error on line 833 ,Object of type bytes is not JSON serializable
Error on line 833 ,Object of type bytes is not JSON serializable
Error on line 833 ,Object of type bytes is not JSON serializable
Error on line 833 ,Object of type bytes is not JSON serializable
Error on line 833 ,Object of type bytes is not JSON serializable
Error on line 833 ,Object of type bytes is not JSON serializable
Error on line 833 ,Object of type bytes is not JSON serializable
Error on line 833 ,Object of type bytes is not JSON serializable
Error on line 833 ,Object of type bytes is not JSON serializable
Error on line 833 ,Object of type bytes is not JSON serializable
Error on line 833 ,Object of type bytes is not JSON serializable
Error on line 833 ,Object of type bytes is not JSON serializable
Error on line 833 ,Object of type bytes is not JSON serializable
Error on line 833 ,Object of type bytes is not JSON serializable
Error on line 833 ,Object of type bytes is not JSON serializable
Error on line 833 ,Object of type bytes is not JSON serializable
Error on line 833 ,Object of type bytes is not JSON serializable
'utf-8' codec can't decode byte 0x80 in position 0: invalid start byte,Error on line 768
Error on line 833 ,Object of type bytes is not JSON serializable
Error on line 833 ,Object of type bytes is not JSON serializable
'utf-8' codec can't decode byte 0x80 in position 0: invalid start byte,Error on line 768
Error on line 833 ,Object of type bytes is not JSON serializable
Error on line 833 ,Object of type bytes is not JSON serializable
'NoneType' object is not subscriptable,Error on line 302
Error on line 833 ,Object of type bytes is not JSON serializable
Error on line 833 ,Object of type bytes is not JSON serializable
Error on line 833 ,Object of type bytes is not JSON serializable
Error on line 833 ,Object of type bytes is not JSON serializable
Error on line 833 ,Object of type bytes is not JSON serializable
Error on line 833 ,Object of type bytes is not JSON serializable
Error on line 833 ,Object of type bytes is not JSON serializable
Error on line 833 ,Object of type bytes is not JSON serializable
Error on line 833 ,Object of type bytes is not JSON serializable
Error on line 833 ,Object of type bytes is not JSON serializable
Error on line 833 ,Object of type bytes is not JSON serializable
Error on line 833 ,Object of type bytes is not JSON serializable
Error on line 833 ,Object of type bytes is not JSON serializable
Error on line 833 ,Object of type bytes is not JSON serializable
Error on line 833 ,Object of type bytes is not JSON serializable
Error on line 833 ,Object of type bytes is not JSON serializable
'utf-8' codec can't decode byte 0x91 in position 0: invalid start byte,Error on line 765
'utf-8' codec can't decode byte 0xf8 in position 3: invalid start byte,Error on line 765
Error on line 833 ,Object of type bytes is not JSON serializable
Error on line 833 ,Object of type bytes is not JSON serializable
Error on line 833 ,Object of type bytes is not JSON serializable
Error on line 833 ,Object of type bytes is not JSON serializable
Error on line 833 ,Object of type bytes is not JSON serializable
Error on line 833 ,Object of type bytes is not JSON serializable
Error on line 833 ,Object of type bytes is not JSON serializable
Error on line 833 ,Object of type bytes is not JSON serializable
Error on line 833 ,Object of type bytes is not JSON serializable
Error on line 833 ,Object of type bytes is not JSON serializable
Error on line 833 ,Object of type complex is not JSON serializable
Error on line 833 ,Object of type bytes is not JSON serializable
Error on line 833 ,Object of type bytes is not JSON serializable
Error on line 833 ,Object of type bytes is not JSON serializable
Error on line 833 ,Object of type bytes is not JSON serializable
Error on line 833 ,Object of type bytes is not JSON serializable
Error on line 833 ,Object of type bytes is not JSON serializable
Error on line 833 ,Object of type bytes is not JSON serializable
unsupported operand type(s) for +: 'NoneType' and 'str',Error on line 453
unsupported operand type(s) for +: 'NoneType' and 'str',Error on line 453
Error on line 833 ,Object of type bytes is not JSON serializable
Error on line 833 ,Object of type bytes is not JSON serializable
Error on line 833 ,Object of type bytes is not JSON serializable
Error on line 833 ,Object of type bytes is not JSON serializable
Error on line 833 ,Object of type bytes is not JSON serializable
unsupported operand type(s) for +: 'NoneType' and 'str',Error on line 453
unsupported operand type(s) for +: 'NoneType' and 'str',Error on line 453
unsupported operand type(s) for +: 'NoneType' and 'str',Error on line 453
unsupported operand type(s) for +: 'NoneType' and 'str',Error on line 453
unsupported operand type(s) for +: 'NoneType' and 'str',Error on line 453
unsupported operand type(s) for +: 'NoneType' and 'str',Error on line 453
Error on line 833 ,Object of type bytes is not JSON serializable
Error on line 833 ,Object of type bytes is not JSON serializable
Error on line 833 ,Object of type bytes is not JSON serializable
Error on line 833 ,Object of type bytes is not JSON serializable
Error on line 833 ,Object of type bytes is not JSON serializable
Error on line 833 ,Object of type bytes is not JSON serializable
Error on line 833 ,Object of type bytes is not JSON serializable
Error on line 833 ,Object of type bytes is not JSON serializable
Error on line 833 ,Object of type bytes is not JSON serializable
Error on line 833 ,Object of type bytes is not JSON serializable
Error on line 833 ,Object of type bytes is not JSON serializable
Error on line 833 ,Object of type bytes is not JSON serializable
Error on line 833 ,Object of type bytes is not JSON serializable
'utf-8' codec can't decode byte 0xff in position 0: invalid start byte,Error on line 768
'utf-8' codec can't decode byte 0xff in position 0: invalid start byte,Error on line 768
Error on line 833 ,Object of type bytes is not JSON serializable
Error on line 833 ,Object of type bytes is not JSON serializable
Error on line 833 ,Object of type bytes is not JSON serializable
'utf-8' codec can't decode byte 0xff in position 0: invalid start byte,Error on line 768
Error on line 833 ,Object of type bytes is not JSON serializable
Error on line 833 ,Object of type bytes is not JSON serializable
Error on line 833 ,Object of type bytes is not JSON serializable
Error on line 833 ,Object of type bytes is not JSON serializable
Error on line 833 ,Object of type bytes is not JSON serializable
Error on line 833 ,Object of type complex is not JSON serializable
Error on line 833 ,Object of type bytes is not JSON serializable
unsupported operand type(s) for +: 'NoneType' and 'str',Error on line 453
unsupported operand type(s) for +: 'NoneType' and 'str',Error on line 453
Error on line 833 ,Object of type bytes is not JSON serializable
Error on line 833 ,Object of type bytes is not JSON serializable
Error on line 833 ,Object of type bytes is not JSON serializable
Error on line 833 ,Object of type bytes is not JSON serializable
Error on line 833 ,Object of type bytes is not JSON serializable
Error on line 833 ,Object of type bytes is not JSON serializable
Error on line 833 ,Object of type bytes is not JSON serializable
Error on line 833 ,Object of type bytes is not JSON serializable
Error on line 833 ,Object of type bytes is not JSON serializable
Error on line 833 ,Object of type bytes is not JSON serializable
Error on line 833 ,Object of type bytes is not JSON serializable
Error on line 833 ,Object of type bytes is not JSON serializable
Error on line 833 ,Object of type bytes is not JSON serializable
Error on line 833 ,Object of type bytes is not JSON serializable
Error on line 833 ,Object of type bytes is not JSON serializable
Error on line 833 ,Object of type bytes is not JSON serializable
'utf-8' codec can't decode byte 0xff in position 0: invalid start byte,Error on line 768
Error on line 833 ,Object of type bytes is not JSON serializable
Error on line 833 ,Object of type bytes is not JSON serializable
Error on line 833 ,Object of type bytes is not JSON serializable
Error on line 833 ,Object of type bytes is not JSON serializable
Error on line 833 ,Object of type bytes is not JSON serializable
Error on line 833 ,Object of type bytes is not JSON serializable
Error on line 833 ,Object of type bytes is not JSON serializable
Error on line 833 ,Object of type bytes is not JSON serializable
Error on line 833 ,Object of type bytes is not JSON serializable
Error on line 833 ,Object of type bytes is not JSON serializable
Error on line 833 ,Object of type bytes is not JSON serializable
Error on line 833 ,Object of type bytes is not JSON serializable
Error on line 833 ,Object of type bytes is not JSON serializable
Error on line 833 ,Object of type bytes is not JSON serializable
Error on line 833 ,Object of type bytes is not JSON serializable
Error on line 833 ,Object of type bytes is not JSON serializable
Error on line 833 ,Object of type bytes is not JSON serializable
Error on line 833 ,Object of type bytes is not JSON serializable
Error on line 833 ,Object of type bytes is not JSON serializable
Error on line 833 ,Object of type bytes is not JSON serializable
Error on line 833 ,Object of type bytes is not JSON serializable
Error on line 833 ,Object of type bytes is not JSON serializable
Error on line 833 ,Object of type bytes is not JSON serializable
Error on line 833 ,Object of type bytes is not JSON serializable
Error on line 833 ,Object of type bytes is not JSON serializable
Error on line 833 ,Object of type bytes is not JSON serializable
Error on line 833 ,Object of type bytes is not JSON serializable
Error on line 833 ,Object of type bytes is not JSON serializable
Error on line 833 ,Object of type bytes is not JSON serializable
Error on line 833 ,Object of type bytes is not JSON serializable
Error on line 833 ,Object of type bytes is not JSON serializable
Error on line 833 ,Object of type bytes is not JSON serializable
Error on line 833 ,Object of type bytes is not JSON serializable
Error on line 833 ,Object of type bytes is not JSON serializable
'utf-8' codec can't decode byte 0xff in position 0: invalid start byte,Error on line 768
Error on line 833 ,Object of type bytes is not JSON serializable
Error on line 833 ,Object of type bytes is not JSON serializable
Error on line 833 ,Object of type bytes is not JSON serializable
Error on line 833 ,Object of type bytes is not JSON serializable
Error on line 833 ,Object of type bytes is not JSON serializable
Error on line 833 ,Object of type bytes is not JSON serializable
Error on line 833 ,Object of type bytes is not JSON serializable
Error on line 833 ,Object of type bytes is not JSON serializable
unsupported operand type(s) for +: 'NoneType' and 'str',Error on line 453
Error on line 833 ,Object of type bytes is not JSON serializable
Error on line 833 ,Object of type bytes is not JSON serializable
Error on line 833 ,Object of type bytes is not JSON serializable
Error on line 833 ,Object of type bytes is not JSON serializable
Error on line 833 ,Object of type bytes is not JSON serializable
Error on line 833 ,Object of type bytes is not JSON serializable
Error on line 833 ,Object of type bytes is not JSON serializable
Error on line 833 ,Object of type bytes is not JSON serializable
Error on line 833 ,Object of type bytes is not JSON serializable
Error on line 833 ,Object of type bytes is not JSON serializable
'utf-8' codec can't decode byte 0xff in position 0: invalid start byte,Error on line 768
Error on line 833 ,Object of type bytes is not JSON serializable
Error on line 833 ,Object of type bytes is not JSON serializable
Error on line 833 ,Object of type bytes is not JSON serializable
Error on line 833 ,Object of type bytes is not JSON serializable
Error on line 833 ,Object of type bytes is not JSON serializable
unsupported operand type(s) for +: 'NoneType' and 'str',Error on line 453
Error on line 833 ,Object of type bytes is not JSON serializable
Error on line 833 ,Object of type bytes is not JSON serializable
Error on line 833 ,Object of type bytes is not JSON serializable
Error on line 833 ,Object of type bytes is not JSON serializable
Error on line 833 ,Object of type bytes is not JSON serializable
Error on line 833 ,Object of type bytes is not JSON serializable
Error on line 833 ,Object of type bytes is not JSON serializable
Error on line 833 ,Object of type bytes is not JSON serializable
Error on line 833 ,Object of type bytes is not JSON serializable
'utf-8' codec can't decode byte 0x8b in position 1: invalid start byte,Error on line 768
Error on line 833 ,Object of type bytes is not JSON serializable
Error on line 833 ,Object of type bytes is not JSON serializable
Error on line 833 ,Object of type bytes is not JSON serializable
Error on line 833 ,Object of type bytes is not JSON serializable
'utf-8' codec can't decode byte 0xc7 in position 0: unexpected end of data,Error on line 768
'utf-8' codec can't decode byte 0xc8 in position 0: unexpected end of data,Error on line 768
'utf-8' codec can't decode byte 0xc9 in position 0: unexpected end of data,Error on line 768
Error on line 833 ,Object of type bytes is not JSON serializable
Error on line 833 ,Object of type bytes is not JSON serializable
Error on line 833 ,Object of type bytes is not JSON serializable
Error on line 833 ,Object of type bytes is not JSON serializable
Error on line 833 ,Object of type bytes is not JSON serializable
Error on line 833 ,Object of type bytes is not JSON serializable
Error on line 833 ,Object of type bytes is not JSON serializable
Error on line 833 ,Object of type bytes is not JSON serializable
Error on line 833 ,Object of type bytes is not JSON serializable
Error on line 833 ,Object of type bytes is not JSON serializable
Error on line 833 ,Object of type bytes is not JSON serializable
Error on line 833 ,Object of type bytes is not JSON serializable
Error on line 833 ,Object of type bytes is not JSON serializable
Error on line 833 ,Object of type bytes is not JSON serializable
Error on line 833 ,Object of type bytes is not JSON serializable
Error on line 833 ,Object of type bytes is not JSON serializable
Error on line 833 ,Object of type bytes is not JSON serializable
Error on line 833 ,Object of type bytes is not JSON serializable
Error on line 833 ,Object of type bytes is not JSON serializable
Error on line 833 ,Object of type bytes is not JSON serializable
Error on line 833 ,Object of type bytes is not JSON serializable
Error on line 833 ,Object of type bytes is not JSON serializable
Error on line 833 ,Object of type bytes is not JSON serializable
Error on line 833 ,Object of type bytes is not JSON serializable
Error on line 833 ,Object of type bytes is not JSON serializable
Error on line 833 ,Object of type bytes is not JSON serializable
Error on line 833 ,Object of type bytes is not JSON serializable
Error on line 833 ,Object of type bytes is not JSON serializable
Error on line 833 ,Object of type bytes is not JSON serializable
Error on line 833 ,Object of type bytes is not JSON serializable
Error on line 833 ,Object of type bytes is not JSON serializable
Error on line 833 ,Object of type bytes is not JSON serializable
Error on line 833 ,Object of type bytes is not JSON serializable
Error on line 833 ,Object of type bytes is not JSON serializable
Error on line 833 ,Object of type bytes is not JSON serializable
Error on line 833 ,Object of type bytes is not JSON serializable
Error on line 833 ,Object of type bytes is not JSON serializable
Error on line 833 ,Object of type bytes is not JSON serializable
Error on line 833 ,Object of type bytes is not JSON serializable
Error on line 833 ,Object of type bytes is not JSON serializable
Error on line 833 ,Object of type bytes is not JSON serializable
Error on line 833 ,Object of type bytes is not JSON serializable
Error on line 833 ,Object of type bytes is not JSON serializable
Error on line 833 ,Object of type bytes is not JSON serializable
Error on line 833 ,Object of type bytes is not JSON serializable
Error on line 833 ,Object of type bytes is not JSON serializable
Error on line 833 ,Object of type bytes is not JSON serializable
Error on line 833 ,Object of type bytes is not JSON serializable
Error on line 833 ,Object of type bytes is not JSON serializable
Error on line 833 ,Object of type bytes is not JSON serializable
Error on line 833 ,Object of type bytes is not JSON serializable
Error on line 833 ,Object of type bytes is not JSON serializable
Error on line 833 ,Object of type bytes is not JSON serializable
Error on line 833 ,Object of type bytes is not JSON serializable
Error on line 833 ,Object of type bytes is not JSON serializable
Error on line 833 ,Object of type bytes is not JSON serializable
Error on line 833 ,Object of type bytes is not JSON serializable
Error on line 833 ,Object of type bytes is not JSON serializable
Error on line 833 ,Object of type bytes is not JSON serializable
Error on line 833 ,Object of type bytes is not JSON serializable
Error on line 833 ,Object of type bytes is not JSON serializable
Error on line 833 ,Object of type bytes is not JSON serializable
Error on line 833 ,Object of type bytes is not JSON serializable
Error on line 833 ,Object of type bytes is not JSON serializable
Error on line 833 ,Object of type bytes is not JSON serializable
Error on line 833 ,Object of type bytes is not JSON serializable
Error on line 833 ,Object of type bytes is not JSON serializable
Error on line 833 ,Object of type bytes is not JSON serializable
Error on line 833 ,Object of type bytes is not JSON serializable
Error on line 833 ,Object of type bytes is not JSON serializable
Error on line 833 ,Object of type bytes is not JSON serializable
Error on line 833 ,Object of type bytes is not JSON serializable
Error on line 833 ,Object of type bytes is not JSON serializable
Error on line 833 ,Object of type bytes is not JSON serializable
Error on line 833 ,Object of type bytes is not JSON serializable
Error on line 833 ,Object of type bytes is not JSON serializable
Error on line 833 ,Object of type bytes is not JSON serializable
Error on line 833 ,Object of type bytes is not JSON serializable
Error on line 833 ,Object of type bytes is not JSON serializable
Error on line 833 ,Object of type bytes is not JSON serializable
Error on line 833 ,Object of type bytes is not JSON serializable
Error on line 833 ,Object of type bytes is not JSON serializable
Error on line 833 ,Object of type bytes is not JSON serializable
Error on line 833 ,Object of type bytes is not JSON serializable
Error on line 833 ,Object of type bytes is not JSON serializable
Error on line 833 ,Object of type bytes is not JSON serializable
Error on line 833 ,Object of type bytes is not JSON serializable
Error on line 833 ,Object of type bytes is not JSON serializable
Error on line 833 ,Object of type bytes is not JSON serializable
Error on line 833 ,Object of type bytes is not JSON serializable
Error on line 833 ,Object of type bytes is not JSON serializable
Error on line 833 ,Object of type bytes is not JSON serializable
Error on line 833 ,Object of type bytes is not JSON serializable
Error on line 833 ,Object of type bytes is not JSON serializable
'utf-8' codec can't decode byte 0xff in position 0: invalid start byte,Error on line 768
'utf-8' codec can't decode byte 0xff in position 0: invalid start byte,Error on line 768
Error on line 833 ,Object of type bytes is not JSON serializable
Error on line 833 ,Object of type bytes is not JSON serializable
Error on line 833 ,Object of type bytes is not JSON serializable
Error on line 833 ,Object of type bytes is not JSON serializable
Error on line 833 ,Object of type bytes is not JSON serializable
Error on line 833 ,Object of type bytes is not JSON serializable
Error on line 833 ,Object of type bytes is not JSON serializable
Error on line 833 ,Object of type bytes is not JSON serializable
Error on line 833 ,Object of type bytes is not JSON serializable
Error on line 833 ,Object of type bytes is not JSON serializable
Error on line 833 ,Object of type bytes is not JSON serializable
Error on line 833 ,Object of type bytes is not JSON serializable
Error on line 833 ,Object of type bytes is not JSON serializable
Error on line 833 ,Object of type bytes is not JSON serializable
Error on line 833 ,Object of type bytes is not JSON serializable
Error on line 833 ,Object of type bytes is not JSON serializable
Error on line 833 ,Object of type bytes is not JSON serializable
Error on line 833 ,Object of type bytes is not JSON serializable
Error on line 833 ,Object of type bytes is not JSON serializable
Error on line 833 ,Object of type bytes is not JSON serializable
Error on line 833 ,Object of type bytes is not JSON serializable
Error on line 833 ,Object of type bytes is not JSON serializable
Error on line 833 ,Object of type bytes is not JSON serializable
Error on line 833 ,Object of type bytes is not JSON serializable
Error on line 833 ,Object of type bytes is not JSON serializable
Error on line 833 ,Object of type bytes is not JSON serializable
Error on line 833 ,Object of type bytes is not JSON serializable
Error on line 833 ,Object of type bytes is not JSON serializable
Error on line 833 ,Object of type bytes is not JSON serializable
Error on line 833 ,Object of type bytes is not JSON serializable
Error on line 833 ,Object of type bytes is not JSON serializable
Error on line 833 ,Object of type bytes is not JSON serializable
Error on line 833 ,Object of type bytes is not JSON serializable
Error on line 833 ,Object of type bytes is not JSON serializable
Error on line 833 ,Object of type bytes is not JSON serializable
Error on line 833 ,Object of type bytes is not JSON serializable
Error on line 833 ,Object of type bytes is not JSON serializable
Error on line 833 ,Object of type bytes is not JSON serializable
Error on line 833 ,Object of type bytes is not JSON serializable
Error on line 833 ,Object of type bytes is not JSON serializable
Error on line 833 ,Object of type bytes is not JSON serializable
Error on line 833 ,Object of type bytes is not JSON serializable
Error on line 833 ,Object of type bytes is not JSON serializable
Error on line 833 ,Object of type bytes is not JSON serializable
'utf-8' codec can't decode byte 0x80 in position 0: invalid start byte,Error on line 768
'utf-8' codec can't decode byte 0xa6 in position 0: invalid start byte,Error on line 768
Error on line 833 ,Object of type bytes is not JSON serializable
Error on line 833 ,Object of type bytes is not JSON serializable
Error on line 833 ,Object of type bytes is not JSON serializable
Error on line 833 ,Object of type bytes is not JSON serializable
Error on line 833 ,Object of type bytes is not JSON serializable
Error on line 833 ,Object of type bytes is not JSON serializable
Error on line 833 ,Object of type bytes is not JSON serializable
Error on line 833 ,Object of type bytes is not JSON serializable
Error on line 833 ,Object of type bytes is not JSON serializable
Error on line 833 ,Object of type bytes is not JSON serializable
Error on line 833 ,Object of type bytes is not JSON serializable
Error on line 833 ,Object of type bytes is not JSON serializable
Error on line 833 ,Object of type bytes is not JSON serializable
Error on line 833 ,Object of type bytes is not JSON serializable
Error on line 833 ,Object of type bytes is not JSON serializable
Error on line 833 ,Object of type bytes is not JSON serializable
Error on line 833 ,Object of type bytes is not JSON serializable
Error on line 833 ,Object of type bytes is not JSON serializable
Error on line 833 ,Object of type bytes is not JSON serializable
Error on line 833 ,Object of type bytes is not JSON serializable
Error on line 833 ,Object of type bytes is not JSON serializable
Error on line 833 ,Object of type bytes is not JSON serializable
Error on line 833 ,Object of type bytes is not JSON serializable
Error on line 833 ,Object of type bytes is not JSON serializable
Error on line 833 ,Object of type bytes is not JSON serializable
Error on line 833 ,Object of type bytes is not JSON serializable
Error on line 833 ,Object of type bytes is not JSON serializable
Error on line 833 ,Object of type bytes is not JSON serializable
Error on line 833 ,Object of type bytes is not JSON serializable
Error on line 833 ,Object of type bytes is not JSON serializable
Error on line 833 ,Object of type bytes is not JSON serializable
Error on line 833 ,Object of type bytes is not JSON serializable
Error on line 833 ,Object of type bytes is not JSON serializable
Error on line 833 ,Object of type bytes is not JSON serializable
Error on line 833 ,Object of type bytes is not JSON serializable
Error on line 833 ,Object of type bytes is not JSON serializable
Error on line 833 ,Object of type bytes is not JSON serializable
Error on line 833 ,Object of type bytes is not JSON serializable
Error on line 833 ,Object of type bytes is not JSON serializable
Error on line 833 ,Object of type bytes is not JSON serializable
Error on line 833 ,Object of type bytes is not JSON serializable
Error on line 833 ,Object of type bytes is not JSON serializable
Error on line 833 ,Object of type bytes is not JSON serializable
Error on line 833 ,Object of type bytes is not JSON serializable
