Error on line 913 ,Object of type bytes is not JSON serializable
Error on line 913 ,Object of type bytes is not JSON serializable
Error on line 913 ,Object of type bytes is not JSON serializable
unsupported operand type(s) for +: 'NoneType' and 'str',Error on line 178
unsupported operand type(s) for +: 'NoneType' and 'str',Error on line 178
unsupported operand type(s) for +: 'NoneType' and 'str',Error on line 178
Error on line 913 ,Object of type bytes is not JSON serializable
Error on line 913 ,Object of type bytes is not JSON serializable
unsupported operand type(s) for +: 'NoneType' and 'str',Error on line 178
Error on line 913 ,Object of type bytes is not JSON serializable
unsupported operand type(s) for +: 'NoneType' and 'str',Error on line 178
unsupported operand type(s) for +: 'NoneType' and 'str',Error on line 178
Error on line 913 ,Object of type bytes is not JSON serializable
Error on line 913 ,Object of type bytes is not JSON serializable
Error on line 913 ,Object of type bytes is not JSON serializable
Error on line 913 ,Object of type bytes is not JSON serializable
Error on line 913 ,Object of type bytes is not JSON serializable
Error on line 913 ,Object of type bytes is not JSON serializable
Error on line 913 ,Object of type bytes is not JSON serializable
Error on line 913 ,Object of type bytes is not JSON serializable
Error on line 913 ,Object of type bytes is not JSON serializable
'utf-8' codec can't decode byte 0xff in position 0: invalid start byte,Error on line 841
Error on line 913 ,Object of type bytes is not JSON serializable
Error on line 913 ,Object of type bytes is not JSON serializable
Error on line 913 ,Object of type bytes is not JSON serializable
Error on line 913 ,Object of type bytes is not JSON serializable
Error on line 913 ,Object of type bytes is not JSON serializable
Error on line 913 ,Object of type bytes is not JSON serializable
Error on line 913 ,Object of type bytes is not JSON serializable
Error on line 913 ,Object of type bytes is not JSON serializable
Error on line 913 ,Object of type bytes is not JSON serializable
Error on line 913 ,Object of type bytes is not JSON serializable
Error on line 913 ,Object of type bytes is not JSON serializable
Error on line 913 ,Object of type bytes is not JSON serializable
Error on line 913 ,Object of type bytes is not JSON serializable
Error on line 913 ,Object of type bytes is not JSON serializable
Error on line 913 ,Object of type bytes is not JSON serializable
Error on line 913 ,Object of type bytes is not JSON serializable
Error on line 913 ,Object of type bytes is not JSON serializable
Error on line 913 ,Object of type bytes is not JSON serializable
Error on line 913 ,Object of type bytes is not JSON serializable
Error on line 913 ,Object of type bytes is not JSON serializable
Error on line 913 ,Object of type bytes is not JSON serializable
Error on line 913 ,Object of type bytes is not JSON serializable
Error on line 913 ,Object of type bytes is not JSON serializable
Error on line 913 ,Object of type bytes is not JSON serializable
Error on line 913 ,Object of type bytes is not JSON serializable
Error on line 913 ,Object of type bytes is not JSON serializable
Error on line 913 ,Object of type bytes is not JSON serializable
Error on line 913 ,Object of type bytes is not JSON serializable
Error on line 913 ,Object of type bytes is not JSON serializable
Error on line 913 ,Object of type bytes is not JSON serializable
Error on line 913 ,Object of type bytes is not JSON serializable
Error on line 913 ,Object of type bytes is not JSON serializable
Error on line 913 ,Object of type bytes is not JSON serializable
'utf-8' codec can't decode byte 0xff in position 0: invalid start byte,Error on line 841
Error on line 913 ,Object of type bytes is not JSON serializable
Error on line 913 ,Object of type bytes is not JSON serializable
Error on line 913 ,Object of type bytes is not JSON serializable
unsupported operand type(s) for +: 'NoneType' and 'str',Error on line 513
Error on line 913 ,Object of type bytes is not JSON serializable
Error on line 913 ,Object of type bytes is not JSON serializable
unsupported operand type(s) for +: 'NoneType' and 'str',Error on line 178
Error on line 913 ,Object of type bytes is not JSON serializable
Error on line 913 ,Object of type bytes is not JSON serializable
Error on line 913 ,Object of type bytes is not JSON serializable
Error on line 913 ,Object of type bytes is not JSON serializable
Error on line 913 ,Object of type bytes is not JSON serializable
Error on line 913 ,Object of type bytes is not JSON serializable
Error on line 913 ,Object of type bytes is not JSON serializable
'utf-8' codec can't decode byte 0x8b in position 1: invalid start byte,Error on line 841
Error on line 913 ,Object of type bytes is not JSON serializable
Error on line 913 ,Object of type bytes is not JSON serializable
Error on line 913 ,Object of type bytes is not JSON serializable
Error on line 913 ,Object of type bytes is not JSON serializable
'utf-8' codec can't decode byte 0xc7 in position 0: unexpected end of data,Error on line 841
'utf-8' codec can't decode byte 0xc8 in position 0: unexpected end of data,Error on line 841
'utf-8' codec can't decode byte 0xc9 in position 0: unexpected end of data,Error on line 841
Error on line 913 ,Object of type bytes is not JSON serializable
Error on line 913 ,Object of type bytes is not JSON serializable
Error on line 913 ,Object of type bytes is not JSON serializable
Error on line 913 ,Object of type bytes is not JSON serializable
unsupported operand type(s) for +: 'NoneType' and 'str',Error on line 178
Error on line 913 ,Object of type bytes is not JSON serializable
Error on line 913 ,Object of type bytes is not JSON serializable
Error on line 913 ,Object of type bytes is not JSON serializable
Error on line 913 ,Object of type bytes is not JSON serializable
Error on line 913 ,Object of type bytes is not JSON serializable
unsupported operand type(s) for +: 'NoneType' and 'str',Error on line 178
unsupported operand type(s) for +: 'NoneType' and 'str',Error on line 513
Error on line 913 ,Object of type bytes is not JSON serializable
Error on line 913 ,Object of type bytes is not JSON serializable
unsupported operand type(s) for +: 'NoneType' and 'str',Error on line 178
Error on line 913 ,Object of type bytes is not JSON serializable
Error on line 913 ,Object of type bytes is not JSON serializable
Error on line 913 ,Object of type bytes is not JSON serializable
Error on line 913 ,Object of type bytes is not JSON serializable
Error on line 913 ,Object of type bytes is not JSON serializable
Error on line 913 ,Object of type bytes is not JSON serializable
Error on line 913 ,Object of type bytes is not JSON serializable
'utf-8' codec can't decode byte 0x8b in position 1: invalid start byte,Error on line 841
Error on line 913 ,Object of type bytes is not JSON serializable
Error on line 913 ,Object of type bytes is not JSON serializable
Error on line 913 ,Object of type bytes is not JSON serializable
Error on line 913 ,Object of type bytes is not JSON serializable
'utf-8' codec can't decode byte 0xc7 in position 0: unexpected end of data,Error on line 841
'utf-8' codec can't decode byte 0xc8 in position 0: unexpected end of data,Error on line 841
'utf-8' codec can't decode byte 0xc9 in position 0: unexpected end of data,Error on line 841
Error on line 913 ,Object of type bytes is not JSON serializable
Error on line 913 ,Object of type bytes is not JSON serializable
Error on line 913 ,Object of type bytes is not JSON serializable
Error on line 913 ,Object of type bytes is not JSON serializable
unsupported operand type(s) for +: 'NoneType' and 'str',Error on line 178
Error on line 913 ,Object of type bytes is not JSON serializable
Error on line 913 ,Object of type bytes is not JSON serializable
Error on line 913 ,Object of type bytes is not JSON serializable
Error on line 913 ,Object of type bytes is not JSON serializable
Error on line 913 ,Object of type bytes is not JSON serializable
Error on line 913 ,Object of type bytes is not JSON serializable
Error on line 913 ,Object of type bytes is not JSON serializable
Error on line 913 ,Object of type bytes is not JSON serializable
Error on line 913 ,Object of type bytes is not JSON serializable
Error on line 913 ,Object of type bytes is not JSON serializable
unsupported operand type(s) for +: 'NoneType' and 'str',Error on line 178
Error on line 913 ,Object of type bytes is not JSON serializable
Error on line 913 ,Object of type bytes is not JSON serializable
Error on line 913 ,Object of type bytes is not JSON serializable
Error on line 913 ,Object of type bytes is not JSON serializable
Error on line 913 ,Object of type bytes is not JSON serializable
unsupported operand type(s) for +: 'NoneType' and 'str',Error on line 178
unsupported operand type(s) for +: 'NoneType' and 'str',Error on line 178
unsupported operand type(s) for +: 'NoneType' and 'str',Error on line 178
'NoneType' object is not subscriptable,Error on line 320
'NoneType' object is not subscriptable,Error on line 320
Error on line 913 ,Object of type bytes is not JSON serializable
Error on line 913 ,Object of type bytes is not JSON serializable
Error on line 913 ,Object of type bytes is not JSON serializable
Error on line 913 ,Object of type bytes is not JSON serializable
unsupported operand type(s) for +: 'NoneType' and 'str',Error on line 178
Error on line 913 ,Object of type bytes is not JSON serializable
unsupported operand type(s) for +: 'NoneType' and 'str',Error on line 178
Error on line 913 ,Object of type bytes is not JSON serializable
Error on line 913 ,Object of type bytes is not JSON serializable
Error on line 913 ,Object of type bytes is not JSON serializable
unsupported operand type(s) for +: 'NoneType' and 'str',Error on line 513
unsupported operand type(s) for +: 'NoneType' and 'str',Error on line 178
Error on line 913 ,Object of type bytes is not JSON serializable
Error on line 913 ,Object of type bytes is not JSON serializable
unsupported operand type(s) for +: 'NoneType' and 'str',Error on line 178
Error on line 913 ,Object of type bytes is not JSON serializable
Error on line 913 ,Object of type bytes is not JSON serializable
Error on line 913 ,Object of type bytes is not JSON serializable
Error on line 913 ,Object of type bytes is not JSON serializable
Error on line 913 ,Object of type bytes is not JSON serializable
Error on line 913 ,Object of type bytes is not JSON serializable
Error on line 913 ,Object of type bytes is not JSON serializable
'utf-8' codec can't decode byte 0x8b in position 1: invalid start byte,Error on line 841
Error on line 913 ,Object of type bytes is not JSON serializable
Error on line 913 ,Object of type bytes is not JSON serializable
Error on line 913 ,Object of type bytes is not JSON serializable
'utf-8' codec can't decode byte 0xc7 in position 0: unexpected end of data,Error on line 841
'utf-8' codec can't decode byte 0xc8 in position 0: unexpected end of data,Error on line 841
'utf-8' codec can't decode byte 0xc9 in position 0: unexpected end of data,Error on line 841
Error on line 913 ,Object of type bytes is not JSON serializable
Error on line 913 ,Object of type bytes is not JSON serializable
Error on line 913 ,Object of type bytes is not JSON serializable
Error on line 913 ,Object of type bytes is not JSON serializable
unsupported operand type(s) for +: 'NoneType' and 'str',Error on line 178
Error on line 913 ,Object of type bytes is not JSON serializable
Error on line 913 ,Object of type bytes is not JSON serializable
Error on line 913 ,Object of type bytes is not JSON serializable
Error on line 913 ,Object of type bytes is not JSON serializable
Error on line 913 ,Object of type bytes is not JSON serializable
Error on line 913 ,Object of type bytes is not JSON serializable
Error on line 913 ,Object of type bytes is not JSON serializable
Error on line 913 ,Object of type bytes is not JSON serializable
Error on line 913 ,Object of type bytes is not JSON serializable
Error on line 913 ,Object of type bytes is not JSON serializable
unsupported operand type(s) for +: 'NoneType' and 'str',Error on line 178
unsupported operand type(s) for +: 'NoneType' and 'str',Error on line 178
unsupported operand type(s) for +: 'NoneType' and 'str',Error on line 178
Error on line 913 ,Object of type bytes is not JSON serializable
Error on line 913 ,Object of type bytes is not JSON serializable
unsupported operand type(s) for +: 'NoneType' and 'str',Error on line 178
Error on line 913 ,Object of type bytes is not JSON serializable
Error on line 913 ,Object of type bytes is not JSON serializable
unsupported operand type(s) for +: 'NoneType' and 'str',Error on line 178
unsupported operand type(s) for +: 'NoneType' and 'str',Error on line 178
Error on line 913 ,Object of type bytes is not JSON serializable
Error on line 913 ,Object of type bytes is not JSON serializable
Error on line 913 ,Object of type bytes is not JSON serializable
Error on line 913 ,Object of type bytes is not JSON serializable
Error on line 913 ,Object of type bytes is not JSON serializable
Error on line 913 ,Object of type bytes is not JSON serializable
Error on line 913 ,Object of type bytes is not JSON serializable
Error on line 913 ,Object of type bytes is not JSON serializable
Error on line 913 ,Object of type bytes is not JSON serializable
Error on line 913 ,Object of type bytes is not JSON serializable
Error on line 913 ,Object of type bytes is not JSON serializable
Error on line 913 ,Object of type bytes is not JSON serializable
unsupported operand type(s) for +: 'NoneType' and 'str',Error on line 178
'utf-8' codec can't decode byte 0xff in position 0: invalid start byte,Error on line 841
Error on line 913 ,Object of type bytes is not JSON serializable
Error on line 913 ,Object of type bytes is not JSON serializable
Error on line 913 ,Object of type bytes is not JSON serializable
Error on line 913 ,Object of type bytes is not JSON serializable
Error on line 913 ,Object of type bytes is not JSON serializable
Error on line 913 ,Object of type bytes is not JSON serializable
Error on line 913 ,Object of type bytes is not JSON serializable
Error on line 913 ,Object of type bytes is not JSON serializable
Error on line 913 ,Object of type bytes is not JSON serializable
Error on line 913 ,Object of type bytes is not JSON serializable
Error on line 913 ,Object of type bytes is not JSON serializable
Error on line 913 ,Object of type bytes is not JSON serializable
Error on line 913 ,Object of type bytes is not JSON serializable
Error on line 913 ,Object of type bytes is not JSON serializable
Error on line 913 ,Object of type bytes is not JSON serializable
Error on line 913 ,Object of type bytes is not JSON serializable
Error on line 913 ,Object of type bytes is not JSON serializable
Error on line 913 ,Object of type bytes is not JSON serializable
Error on line 913 ,Object of type bytes is not JSON serializable
Error on line 913 ,Object of type bytes is not JSON serializable
Error on line 913 ,Object of type bytes is not JSON serializable
Error on line 913 ,Object of type bytes is not JSON serializable
Error on line 913 ,Object of type bytes is not JSON serializable
Error on line 913 ,Object of type bytes is not JSON serializable
Error on line 913 ,Object of type bytes is not JSON serializable
Error on line 913 ,Object of type bytes is not JSON serializable
Error on line 913 ,Object of type bytes is not JSON serializable
Error on line 913 ,Object of type bytes is not JSON serializable
Error on line 913 ,Object of type bytes is not JSON serializable
Error on line 913 ,Object of type bytes is not JSON serializable
Error on line 913 ,Object of type bytes is not JSON serializable
Error on line 913 ,Object of type bytes is not JSON serializable
Error on line 913 ,Object of type bytes is not JSON serializable
Error on line 913 ,Object of type bytes is not JSON serializable
'utf-8' codec can't decode byte 0xff in position 0: invalid start byte,Error on line 841
Error on line 913 ,Object of type bytes is not JSON serializable
Error on line 913 ,Object of type bytes is not JSON serializable
Error on line 913 ,Object of type bytes is not JSON serializable
Error on line 913 ,Object of type bytes is not JSON serializable
Error on line 913 ,Object of type bytes is not JSON serializable
Error on line 913 ,Object of type bytes is not JSON serializable
Error on line 913 ,Object of type bytes is not JSON serializable
Error on line 913 ,Object of type bytes is not JSON serializable
Error on line 913 ,Object of type bytes is not JSON serializable
Error on line 913 ,Object of type bytes is not JSON serializable
Error on line 913 ,Object of type bytes is not JSON serializable
Error on line 913 ,Object of type bytes is not JSON serializable
Error on line 913 ,Object of type bytes is not JSON serializable
Error on line 913 ,Object of type bytes is not JSON serializable
Error on line 913 ,Object of type bytes is not JSON serializable
Error on line 913 ,Object of type bytes is not JSON serializable
Error on line 913 ,Object of type bytes is not JSON serializable
Error on line 913 ,Object of type bytes is not JSON serializable
Error on line 913 ,Object of type bytes is not JSON serializable
Error on line 913 ,Object of type bytes is not JSON serializable
Error on line 913 ,Object of type bytes is not JSON serializable
Error on line 913 ,Object of type bytes is not JSON serializable
Error on line 913 ,Object of type bytes is not JSON serializable
Error on line 913 ,Object of type bytes is not JSON serializable
Error on line 913 ,Object of type bytes is not JSON serializable
Error on line 913 ,Object of type bytes is not JSON serializable
Error on line 913 ,Object of type bytes is not JSON serializable
'utf-8' codec can't decode byte 0xad in position 0: invalid start byte,Error on line 841
'utf-8' codec can't decode byte 0x8b in position 1: invalid start byte,Error on line 841
Error on line 913 ,Object of type bytes is not JSON serializable
unsupported operand type(s) for +: 'NoneType' and 'str',Error on line 178
unsupported operand type(s) for +: 'NoneType' and 'str',Error on line 178
unsupported operand type(s) for +: 'NoneType' and 'str',Error on line 178
Error on line 913 ,Object of type bytes is not JSON serializable
Error on line 913 ,Object of type bytes is not JSON serializable
Error on line 913 ,Object of type bytes is not JSON serializable
Error on line 913 ,Object of type bytes is not JSON serializable
Error on line 913 ,Object of type bytes is not JSON serializable
Error on line 913 ,Object of type bytes is not JSON serializable
Error on line 913 ,Object of type bytes is not JSON serializable
Error on line 913 ,Object of type bytes is not JSON serializable
unsupported operand type(s) for +: 'NoneType' and 'str',Error on line 178
Error on line 913 ,Object of type bytes is not JSON serializable
unsupported operand type(s) for +: 'NoneType' and 'str',Error on line 178
Error on line 913 ,Object of type bytes is not JSON serializable
Error on line 913 ,Object of type bytes is not JSON serializable
Error on line 913 ,Object of type bytes is not JSON serializable
Error on line 913 ,Object of type bytes is not JSON serializable
Error on line 913 ,Object of type bytes is not JSON serializable
'utf-8' codec can't decode byte 0x8b in position 1: invalid start byte,Error on line 841
Error on line 913 ,Object of type bytes is not JSON serializable
Error on line 913 ,Object of type bytes is not JSON serializable
Error on line 913 ,Object of type bytes is not JSON serializable
Error on line 913 ,Object of type bytes is not JSON serializable
Error on line 913 ,Object of type bytes is not JSON serializable
Error on line 913 ,Object of type bytes is not JSON serializable
Error on line 913 ,Object of type bytes is not JSON serializable
Error on line 913 ,Object of type bytes is not JSON serializable
Error on line 913 ,Object of type bytes is not JSON serializable
Error on line 913 ,Object of type bytes is not JSON serializable
Error on line 913 ,Object of type bytes is not JSON serializable
unsupported operand type(s) for +: 'NoneType' and 'str',Error on line 178
unsupported operand type(s) for +: 'NoneType' and 'str',Error on line 178
Error on line 913 ,Object of type bytes is not JSON serializable
Error on line 913 ,Object of type bytes is not JSON serializable
Error on line 913 ,Object of type bytes is not JSON serializable
unsupported operand type(s) for +: 'NoneType' and 'str',Error on line 178
Error on line 913 ,Object of type bytes is not JSON serializable
Error on line 913 ,Object of type bytes is not JSON serializable
unsupported operand type(s) for +: 'NoneType' and 'str',Error on line 178
unsupported operand type(s) for +: 'NoneType' and 'str',Error on line 178
Error on line 913 ,Object of type bytes is not JSON serializable
Error on line 913 ,Object of type bytes is not JSON serializable
Error on line 913 ,Object of type bytes is not JSON serializable
Error on line 913 ,Object of type bytes is not JSON serializable
Error on line 913 ,Object of type bytes is not JSON serializable
Error on line 913 ,Object of type bytes is not JSON serializable
Error on line 913 ,Object of type bytes is not JSON serializable
Error on line 913 ,Object of type bytes is not JSON serializable
Error on line 913 ,Object of type bytes is not JSON serializable
Error on line 913 ,Object of type bytes is not JSON serializable
Error on line 913 ,Object of type bytes is not JSON serializable
'utf-8' codec can't decode byte 0xff in position 0: invalid start byte,Error on line 841
Error on line 913 ,Object of type bytes is not JSON serializable
Error on line 913 ,Object of type bytes is not JSON serializable
Error on line 913 ,Object of type bytes is not JSON serializable
Error on line 913 ,Object of type bytes is not JSON serializable
Error on line 913 ,Object of type bytes is not JSON serializable
Error on line 913 ,Object of type bytes is not JSON serializable
Error on line 913 ,Object of type bytes is not JSON serializable
Error on line 913 ,Object of type bytes is not JSON serializable
Error on line 913 ,Object of type bytes is not JSON serializable
Error on line 913 ,Object of type bytes is not JSON serializable
Error on line 913 ,Object of type bytes is not JSON serializable
Error on line 913 ,Object of type bytes is not JSON serializable
Error on line 913 ,Object of type bytes is not JSON serializable
Error on line 913 ,Object of type bytes is not JSON serializable
Error on line 913 ,Object of type bytes is not JSON serializable
Error on line 913 ,Object of type bytes is not JSON serializable
Error on line 913 ,Object of type bytes is not JSON serializable
Error on line 913 ,Object of type bytes is not JSON serializable
Error on line 913 ,Object of type bytes is not JSON serializable
Error on line 913 ,Object of type bytes is not JSON serializable
Error on line 913 ,Object of type bytes is not JSON serializable
Error on line 913 ,Object of type bytes is not JSON serializable
Error on line 913 ,Object of type bytes is not JSON serializable
Error on line 913 ,Object of type bytes is not JSON serializable
Error on line 913 ,Object of type bytes is not JSON serializable
Error on line 913 ,Object of type bytes is not JSON serializable
Error on line 913 ,Object of type bytes is not JSON serializable
Error on line 913 ,Object of type bytes is not JSON serializable
Error on line 913 ,Object of type bytes is not JSON serializable
Error on line 913 ,Object of type bytes is not JSON serializable
Error on line 913 ,Object of type bytes is not JSON serializable
'utf-8' codec can't decode byte 0xff in position 0: invalid start byte,Error on line 841
Error on line 913 ,Object of type bytes is not JSON serializable
Error on line 913 ,Object of type bytes is not JSON serializable
Error on line 913 ,Object of type bytes is not JSON serializable
unsupported operand type(s) for +: 'NoneType' and 'str',Error on line 178
unsupported operand type(s) for +: 'NoneType' and 'str',Error on line 178
Error on line 913 ,Object of type bytes is not JSON serializable
Error on line 913 ,Object of type bytes is not JSON serializable
Error on line 913 ,Object of type bytes is not JSON serializable
Error on line 913 ,Object of type bytes is not JSON serializable
Error on line 913 ,Object of type bytes is not JSON serializable
Error on line 913 ,Object of type bytes is not JSON serializable
Error on line 913 ,Object of type bytes is not JSON serializable
Error on line 913 ,Object of type bytes is not JSON serializable
Error on line 913 ,Object of type bytes is not JSON serializable
Error on line 913 ,Object of type bytes is not JSON serializable
unsupported operand type(s) for +: 'NoneType' and 'str',Error on line 178
unsupported operand type(s) for +: 'NoneType' and 'str',Error on line 178
Error on line 913 ,Object of type bytes is not JSON serializable
Error on line 913 ,Object of type bytes is not JSON serializable
Error on line 913 ,Object of type bytes is not JSON serializable
Error on line 913 ,Object of type bytes is not JSON serializable
Error on line 913 ,Object of type bytes is not JSON serializable
Error on line 913 ,Object of type bytes is not JSON serializable
Error on line 913 ,Object of type bytes is not JSON serializable
Error on line 913 ,Object of type bytes is not JSON serializable
Error on line 913 ,Object of type bytes is not JSON serializable
Error on line 913 ,Object of type bytes is not JSON serializable
Error on line 913 ,Object of type bytes is not JSON serializable
Error on line 913 ,Object of type bytes is not JSON serializable
Error on line 913 ,Object of type bytes is not JSON serializable
Error on line 913 ,Object of type bytes is not JSON serializable
Error on line 913 ,Object of type bytes is not JSON serializable
Error on line 913 ,Object of type bytes is not JSON serializable
Error on line 913 ,Object of type bytes is not JSON serializable
Error on line 913 ,Object of type ellipsis is not JSON serializable
Error on line 913 ,Object of type bytes is not JSON serializable
Error on line 913 ,Object of type bytes is not JSON serializable
unsupported operand type(s) for +: 'NoneType' and 'str',Error on line 178
Error on line 913 ,Object of type bytes is not JSON serializable
Error on line 913 ,Object of type bytes is not JSON serializable
Error on line 913 ,Object of type bytes is not JSON serializable
Error on line 913 ,Object of type bytes is not JSON serializable
unsupported operand type(s) for +: 'NoneType' and 'str',Error on line 178
Error on line 913 ,Object of type bytes is not JSON serializable
unsupported operand type(s) for +: 'NoneType' and 'str',Error on line 513
unsupported operand type(s) for +: 'NoneType' and 'str',Error on line 513
unsupported operand type(s) for +: 'NoneType' and 'str',Error on line 513
unsupported operand type(s) for +: 'NoneType' and 'str',Error on line 513
unsupported operand type(s) for +: 'NoneType' and 'str',Error on line 513
unsupported operand type(s) for +: 'NoneType' and 'str',Error on line 513
Error on line 913 ,Object of type bytes is not JSON serializable
Error on line 913 ,Object of type bytes is not JSON serializable
unsupported operand type(s) for +: 'NoneType' and 'str',Error on line 178
Error on line 913 ,Object of type bytes is not JSON serializable
Error on line 913 ,Object of type bytes is not JSON serializable
Error on line 913 ,Object of type bytes is not JSON serializable
Error on line 913 ,Object of type bytes is not JSON serializable
Error on line 913 ,Object of type bytes is not JSON serializable
Error on line 913 ,Object of type bytes is not JSON serializable
'utf-8' codec can't decode byte 0x8b in position 1: invalid start byte,Error on line 841
Error on line 913 ,Object of type bytes is not JSON serializable
Error on line 913 ,Object of type bytes is not JSON serializable
Error on line 913 ,Object of type bytes is not JSON serializable
Error on line 913 ,Object of type bytes is not JSON serializable
Error on line 913 ,Object of type bytes is not JSON serializable
Error on line 913 ,Object of type bytes is not JSON serializable
unsupported operand type(s) for +: 'NoneType' and 'str',Error on line 178
Error on line 913 ,Object of type bytes is not JSON serializable
Error on line 913 ,Object of type bytes is not JSON serializable
Error on line 913 ,Object of type bytes is not JSON serializable
Error on line 913 ,Object of type bytes is not JSON serializable
Error on line 913 ,Object of type bytes is not JSON serializable
unsupported operand type(s) for +: 'NoneType' and 'str',Error on line 178
unsupported operand type(s) for +: 'NoneType' and 'str',Error on line 178
unsupported operand type(s) for +: 'NoneType' and 'str',Error on line 178
Error on line 913 ,Object of type bytes is not JSON serializable
Error on line 913 ,Object of type bytes is not JSON serializable
Error on line 913 ,Object of type bytes is not JSON serializable
Error on line 913 ,Object of type bytes is not JSON serializable
Error on line 913 ,Object of type bytes is not JSON serializable
Error on line 913 ,Object of type bytes is not JSON serializable
Error on line 913 ,Object of type bytes is not JSON serializable
Error on line 913 ,Object of type bytes is not JSON serializable
Error on line 913 ,Object of type bytes is not JSON serializable
unsupported operand type(s) for +: 'NoneType' and 'str',Error on line 178
Error on line 913 ,Object of type bytes is not JSON serializable
Error on line 913 ,Object of type bytes is not JSON serializable
Error on line 913 ,Object of type bytes is not JSON serializable
Error on line 913 ,Object of type bytes is not JSON serializable
Error on line 913 ,Object of type bytes is not JSON serializable
Error on line 913 ,Object of type bytes is not JSON serializable
Error on line 913 ,Object of type bytes is not JSON serializable
Error on line 913 ,Object of type bytes is not JSON serializable
Error on line 913 ,Object of type bytes is not JSON serializable
Error on line 913 ,Object of type bytes is not JSON serializable
Error on line 913 ,Object of type bytes is not JSON serializable
Error on line 913 ,Object of type bytes is not JSON serializable
Error on line 913 ,Object of type bytes is not JSON serializable
Error on line 913 ,Object of type bytes is not JSON serializable
Error on line 913 ,Object of type bytes is not JSON serializable
Error on line 913 ,Object of type bytes is not JSON serializable
Error on line 913 ,Object of type bytes is not JSON serializable
Error on line 913 ,Object of type bytes is not JSON serializable
Error on line 913 ,Object of type bytes is not JSON serializable
unsupported operand type(s) for +: 'NoneType' and 'str',Error on line 178
Error on line 913 ,Object of type bytes is not JSON serializable
'NoneType' object is not subscriptable,Error on line 319
Error on line 913 ,Object of type bytes is not JSON serializable
unsupported operand type(s) for +: 'NoneType' and 'str',Error on line 178
Error on line 913 ,Object of type bytes is not JSON serializable
Error on line 913 ,Object of type bytes is not JSON serializable
Error on line 913 ,Object of type bytes is not JSON serializable
Error on line 913 ,Object of type bytes is not JSON serializable
Error on line 913 ,Object of type bytes is not JSON serializable
Error on line 913 ,Object of type bytes is not JSON serializable
Error on line 913 ,Object of type bytes is not JSON serializable
Error on line 913 ,Object of type bytes is not JSON serializable
Error on line 913 ,Object of type bytes is not JSON serializable
Error on line 913 ,Object of type bytes is not JSON serializable
Error on line 913 ,Object of type bytes is not JSON serializable
Error on line 913 ,Object of type bytes is not JSON serializable
Error on line 913 ,Object of type bytes is not JSON serializable
Error on line 913 ,Object of type bytes is not JSON serializable
Error on line 913 ,Object of type bytes is not JSON serializable
Error on line 913 ,Object of type bytes is not JSON serializable
Error on line 913 ,Object of type bytes is not JSON serializable
unsupported operand type(s) for +: 'NoneType' and 'str',Error on line 178
Error on line 913 ,Object of type bytes is not JSON serializable
Error on line 913 ,Object of type bytes is not JSON serializable
Error on line 913 ,Object of type bytes is not JSON serializable
Error on line 913 ,Object of type bytes is not JSON serializable
Error on line 913 ,Object of type bytes is not JSON serializable
Error on line 913 ,Object of type bytes is not JSON serializable
Error on line 913 ,Object of type bytes is not JSON serializable
'utf-8' codec can't decode byte 0x8b in position 1: invalid start byte,Error on line 841
Error on line 913 ,Object of type bytes is not JSON serializable
Error on line 913 ,Object of type bytes is not JSON serializable
Error on line 913 ,Object of type bytes is not JSON serializable
'utf-8' codec can't decode byte 0xc7 in position 0: unexpected end of data,Error on line 841
'utf-8' codec can't decode byte 0xc8 in position 0: unexpected end of data,Error on line 841
'utf-8' codec can't decode byte 0xc9 in position 0: unexpected end of data,Error on line 841
Error on line 913 ,Object of type bytes is not JSON serializable
Error on line 913 ,Object of type bytes is not JSON serializable
Error on line 913 ,Object of type bytes is not JSON serializable
Error on line 913 ,Object of type bytes is not JSON serializable
unsupported operand type(s) for +: 'NoneType' and 'str',Error on line 178
Error on line 913 ,Object of type bytes is not JSON serializable
Error on line 913 ,Object of type bytes is not JSON serializable
Error on line 913 ,Object of type bytes is not JSON serializable
Error on line 913 ,Object of type bytes is not JSON serializable
Error on line 913 ,Object of type bytes is not JSON serializable
Error on line 913 ,Object of type bytes is not JSON serializable
unsupported operand type(s) for +: 'NoneType' and 'str',Error on line 513
unsupported operand type(s) for +: 'NoneType' and 'str',Error on line 513
Error on line 913 ,Object of type bytes is not JSON serializable
Error on line 913 ,Object of type bytes is not JSON serializable
unsupported operand type(s) for +: 'NoneType' and 'str',Error on line 178
Error on line 913 ,Object of type bytes is not JSON serializable
Error on line 913 ,Object of type bytes is not JSON serializable
Error on line 913 ,Object of type bytes is not JSON serializable
Error on line 913 ,Object of type bytes is not JSON serializable
Error on line 913 ,Object of type bytes is not JSON serializable
Error on line 913 ,Object of type bytes is not JSON serializable
Error on line 913 ,Object of type bytes is not JSON serializable
'utf-8' codec can't decode byte 0x8b in position 1: invalid start byte,Error on line 841
Error on line 913 ,Object of type bytes is not JSON serializable
Error on line 913 ,Object of type bytes is not JSON serializable
Error on line 913 ,Object of type bytes is not JSON serializable
Error on line 913 ,Object of type bytes is not JSON serializable
'utf-8' codec can't decode byte 0xc7 in position 0: unexpected end of data,Error on line 841
'utf-8' codec can't decode byte 0xc8 in position 0: unexpected end of data,Error on line 841
'utf-8' codec can't decode byte 0xc9 in position 0: unexpected end of data,Error on line 841
Error on line 913 ,Object of type bytes is not JSON serializable
Error on line 913 ,Object of type bytes is not JSON serializable
Error on line 913 ,Object of type bytes is not JSON serializable
Error on line 913 ,Object of type bytes is not JSON serializable
unsupported operand type(s) for +: 'NoneType' and 'str',Error on line 178
Error on line 913 ,Object of type bytes is not JSON serializable
Error on line 913 ,Object of type bytes is not JSON serializable
Error on line 913 ,Object of type bytes is not JSON serializable
Error on line 913 ,Object of type bytes is not JSON serializable
Error on line 913 ,Object of type bytes is not JSON serializable
'utf-8' codec can't decode byte 0xff in position 0: invalid start byte,Error on line 841
Error on line 913 ,Object of type bytes is not JSON serializable
Error on line 913 ,Object of type bytes is not JSON serializable
unsupported operand type(s) for +: 'NoneType' and 'str',Error on line 178
Error on line 913 ,Object of type bytes is not JSON serializable
Error on line 913 ,Object of type bytes is not JSON serializable
Error on line 913 ,Object of type bytes is not JSON serializable
unsupported operand type(s) for +: 'NoneType' and 'str',Error on line 178
unsupported operand type(s) for +: 'NoneType' and 'str',Error on line 178
unsupported operand type(s) for +: 'NoneType' and 'str',Error on line 178
Error on line 913 ,Object of type bytes is not JSON serializable
Error on line 913 ,Object of type bytes is not JSON serializable
unsupported operand type(s) for +: 'NoneType' and 'str',Error on line 178
Error on line 913 ,Object of type bytes is not JSON serializable
unsupported operand type(s) for +: 'NoneType' and 'str',Error on line 178
unsupported operand type(s) for +: 'NoneType' and 'str',Error on line 178
Error on line 913 ,Object of type bytes is not JSON serializable
Error on line 913 ,Object of type bytes is not JSON serializable
Error on line 913 ,Object of type bytes is not JSON serializable
Error on line 913 ,Object of type bytes is not JSON serializable
Error on line 913 ,Object of type bytes is not JSON serializable
Error on line 913 ,Object of type bytes is not JSON serializable
Error on line 913 ,Object of type bytes is not JSON serializable
Error on line 913 ,Object of type bytes is not JSON serializable
Error on line 913 ,Object of type bytes is not JSON serializable
Error on line 913 ,Object of type bytes is not JSON serializable
Error on line 913 ,Object of type bytes is not JSON serializable
Error on line 913 ,Object of type bytes is not JSON serializable
Error on line 913 ,Object of type bytes is not JSON serializable
Error on line 913 ,Object of type bytes is not JSON serializable
Error on line 913 ,Object of type bytes is not JSON serializable
'utf-8' codec can't decode byte 0xff in position 0: invalid start byte,Error on line 841
Error on line 913 ,Object of type bytes is not JSON serializable
Error on line 913 ,Object of type bytes is not JSON serializable
Error on line 913 ,Object of type bytes is not JSON serializable
Error on line 913 ,Object of type bytes is not JSON serializable
Error on line 913 ,Object of type bytes is not JSON serializable
Error on line 913 ,Object of type bytes is not JSON serializable
Error on line 913 ,Object of type bytes is not JSON serializable
Error on line 913 ,Object of type bytes is not JSON serializable
Error on line 913 ,Object of type bytes is not JSON serializable
Error on line 913 ,Object of type bytes is not JSON serializable
Error on line 913 ,Object of type bytes is not JSON serializable
Error on line 913 ,Object of type bytes is not JSON serializable
Error on line 913 ,Object of type bytes is not JSON serializable
Error on line 913 ,Object of type bytes is not JSON serializable
Error on line 913 ,Object of type bytes is not JSON serializable
Error on line 913 ,Object of type bytes is not JSON serializable
Error on line 913 ,Object of type bytes is not JSON serializable
Error on line 913 ,Object of type bytes is not JSON serializable
Error on line 913 ,Object of type bytes is not JSON serializable
Error on line 913 ,Object of type bytes is not JSON serializable
Error on line 913 ,Object of type bytes is not JSON serializable
Error on line 913 ,Object of type bytes is not JSON serializable
Error on line 913 ,Object of type bytes is not JSON serializable
Error on line 913 ,Object of type bytes is not JSON serializable
Error on line 913 ,Object of type bytes is not JSON serializable
Error on line 913 ,Object of type bytes is not JSON serializable
Error on line 913 ,Object of type bytes is not JSON serializable
Error on line 913 ,Object of type bytes is not JSON serializable
Error on line 913 ,Object of type bytes is not JSON serializable
Error on line 913 ,Object of type bytes is not JSON serializable
Error on line 913 ,Object of type bytes is not JSON serializable
Error on line 913 ,Object of type bytes is not JSON serializable
Error on line 913 ,Object of type bytes is not JSON serializable
'utf-8' codec can't decode byte 0xff in position 0: invalid start byte,Error on line 841
Error on line 913 ,Object of type bytes is not JSON serializable
Error on line 913 ,Object of type bytes is not JSON serializable
Error on line 913 ,Object of type bytes is not JSON serializable
Error on line 913 ,Object of type bytes is not JSON serializable
unsupported operand type(s) for +: 'NoneType' and 'str',Error on line 178
Error on line 913 ,Object of type bytes is not JSON serializable
Error on line 913 ,Object of type bytes is not JSON serializable
Error on line 913 ,Object of type bytes is not JSON serializable
Error on line 913 ,Object of type bytes is not JSON serializable
Error on line 913 ,Object of type bytes is not JSON serializable
Error on line 913 ,Object of type bytes is not JSON serializable
Error on line 913 ,Object of type bytes is not JSON serializable
Error on line 913 ,Object of type bytes is not JSON serializable
Error on line 913 ,Object of type bytes is not JSON serializable
Error on line 913 ,Object of type bytes is not JSON serializable
Error on line 913 ,Object of type bytes is not JSON serializable
Error on line 913 ,Object of type bytes is not JSON serializable
Error on line 913 ,Object of type bytes is not JSON serializable
Error on line 913 ,Object of type bytes is not JSON serializable
Error on line 913 ,Object of type complex is not JSON serializable
Error on line 913 ,Object of type bytes is not JSON serializable
Error on line 913 ,Object of type bytes is not JSON serializable
Error on line 913 ,Object of type complex is not JSON serializable
Error on line 913 ,Object of type bytes is not JSON serializable
Error on line 913 ,Object of type bytes is not JSON serializable
Error on line 913 ,Object of type bytes is not JSON serializable
Error on line 913 ,Object of type bytes is not JSON serializable
Error on line 913 ,Object of type bytes is not JSON serializable
Error on line 913 ,Object of type bytes is not JSON serializable
Error on line 913 ,Object of type bytes is not JSON serializable
'utf-8' codec can't decode byte 0xff in position 0: invalid start byte,Error on line 841
Error on line 913 ,Object of type bytes is not JSON serializable
Error on line 913 ,Object of type bytes is not JSON serializable
Error on line 913 ,Object of type bytes is not JSON serializable
Error on line 913 ,Object of type bytes is not JSON serializable
unsupported operand type(s) for +: 'NoneType' and 'str',Error on line 178
Error on line 913 ,Object of type bytes is not JSON serializable
Error on line 913 ,Object of type bytes is not JSON serializable
Error on line 913 ,Object of type bytes is not JSON serializable
Error on line 913 ,Object of type bytes is not JSON serializable
Error on line 913 ,Object of type bytes is not JSON serializable
'utf-8' codec can't decode byte 0xc2 in position 4: invalid continuation byte,Error on line 841
Error on line 913 ,Object of type bytes is not JSON serializable
Error on line 913 ,Object of type bytes is not JSON serializable
Error on line 913 ,Object of type bytes is not JSON serializable
Error on line 913 ,Object of type bytes is not JSON serializable
Error on line 913 ,Object of type bytes is not JSON serializable
Error on line 913 ,Object of type bytes is not JSON serializable
Error on line 913 ,Object of type bytes is not JSON serializable
Error on line 913 ,Object of type bytes is not JSON serializable
Error on line 913 ,Object of type bytes is not JSON serializable
Error on line 913 ,Object of type bytes is not JSON serializable
unsupported operand type(s) for +: 'NoneType' and 'str',Error on line 178
Error on line 913 ,Object of type bytes is not JSON serializable
Error on line 913 ,Object of type bytes is not JSON serializable
Error on line 913 ,Object of type bytes is not JSON serializable
Error on line 913 ,Object of type bytes is not JSON serializable
Error on line 913 ,Object of type bytes is not JSON serializable
Error on line 913 ,Object of type bytes is not JSON serializable
Error on line 913 ,Object of type bytes is not JSON serializable
Error on line 913 ,Object of type bytes is not JSON serializable
Error on line 913 ,Object of type bytes is not JSON serializable
Error on line 913 ,Object of type bytes is not JSON serializable
Error on line 913 ,Object of type bytes is not JSON serializable
Error on line 913 ,Object of type bytes is not JSON serializable
Error on line 913 ,Object of type bytes is not JSON serializable
Error on line 913 ,Object of type bytes is not JSON serializable
Error on line 913 ,Object of type bytes is not JSON serializable
Error on line 913 ,Object of type bytes is not JSON serializable
Error on line 913 ,Object of type bytes is not JSON serializable
Error on line 913 ,Object of type bytes is not JSON serializable
Error on line 913 ,Object of type bytes is not JSON serializable
Error on line 913 ,Object of type bytes is not JSON serializable
Error on line 913 ,Object of type bytes is not JSON serializable
Error on line 913 ,Object of type bytes is not JSON serializable
Error on line 913 ,Object of type bytes is not JSON serializable
Error on line 913 ,Object of type bytes is not JSON serializable
Error on line 913 ,Object of type bytes is not JSON serializable
Error on line 913 ,Object of type bytes is not JSON serializable
Error on line 913 ,Object of type bytes is not JSON serializable
Error on line 913 ,Object of type bytes is not JSON serializable
Error on line 913 ,Object of type bytes is not JSON serializable
Error on line 913 ,Object of type bytes is not JSON serializable
Error on line 913 ,Object of type bytes is not JSON serializable
Error on line 913 ,Object of type bytes is not JSON serializable
Error on line 913 ,Object of type bytes is not JSON serializable
Error on line 913 ,Object of type bytes is not JSON serializable
Error on line 913 ,Object of type bytes is not JSON serializable
Error on line 913 ,Object of type bytes is not JSON serializable
unsupported operand type(s) for +: 'NoneType' and 'str',Error on line 178
Error on line 913 ,Object of type bytes is not JSON serializable
Error on line 913 ,Object of type bytes is not JSON serializable
Error on line 913 ,Object of type bytes is not JSON serializable
Error on line 913 ,Object of type bytes is not JSON serializable
Error on line 913 ,Object of type bytes is not JSON serializable
Error on line 913 ,Object of type bytes is not JSON serializable
Error on line 913 ,Object of type bytes is not JSON serializable
Error on line 913 ,Object of type bytes is not JSON serializable
Error on line 913 ,Object of type bytes is not JSON serializable
Error on line 913 ,Object of type bytes is not JSON serializable
Error on line 913 ,Object of type ellipsis is not JSON serializable
unsupported operand type(s) for +: 'NoneType' and 'str',Error on line 513
Error on line 913 ,Object of type bytes is not JSON serializable
Error on line 913 ,Object of type bytes is not JSON serializable
unsupported operand type(s) for +: 'NoneType' and 'str',Error on line 178
Error on line 913 ,Object of type bytes is not JSON serializable
Error on line 913 ,Object of type bytes is not JSON serializable
Error on line 913 ,Object of type bytes is not JSON serializable
Error on line 913 ,Object of type bytes is not JSON serializable
Error on line 913 ,Object of type bytes is not JSON serializable
Error on line 913 ,Object of type bytes is not JSON serializable
Error on line 913 ,Object of type bytes is not JSON serializable
'utf-8' codec can't decode byte 0x8b in position 1: invalid start byte,Error on line 841
Error on line 913 ,Object of type bytes is not JSON serializable
Error on line 913 ,Object of type bytes is not JSON serializable
Error on line 913 ,Object of type bytes is not JSON serializable
Error on line 913 ,Object of type bytes is not JSON serializable
'utf-8' codec can't decode byte 0xc7 in position 0: unexpected end of data,Error on line 841
'utf-8' codec can't decode byte 0xc8 in position 0: unexpected end of data,Error on line 841
'utf-8' codec can't decode byte 0xc9 in position 0: unexpected end of data,Error on line 841
Error on line 913 ,Object of type bytes is not JSON serializable
Error on line 913 ,Object of type bytes is not JSON serializable
Error on line 913 ,Object of type bytes is not JSON serializable
Error on line 913 ,Object of type bytes is not JSON serializable
unsupported operand type(s) for +: 'NoneType' and 'str',Error on line 178
Error on line 913 ,Object of type bytes is not JSON serializable
Error on line 913 ,Object of type bytes is not JSON serializable
Error on line 913 ,Object of type bytes is not JSON serializable
Error on line 913 ,Object of type bytes is not JSON serializable
Error on line 913 ,Object of type bytes is not JSON serializable
Error on line 913 ,Object of type bytes is not JSON serializable
'utf-8' codec can't decode byte 0xff in position 0: invalid start byte,Error on line 841
Error on line 913 ,Object of type bytes is not JSON serializable
Error on line 913 ,Object of type bytes is not JSON serializable
Error on line 913 ,Object of type bytes is not JSON serializable
Error on line 913 ,Object of type bytes is not JSON serializable
Error on line 913 ,Object of type bytes is not JSON serializable
Error on line 913 ,Object of type bytes is not JSON serializable
Error on line 913 ,Object of type bytes is not JSON serializable
unsupported operand type(s) for +: 'NoneType' and 'str',Error on line 178
unsupported operand type(s) for +: 'NoneType' and 'str',Error on line 178
Error on line 913 ,Object of type bytes is not JSON serializable
Error on line 913 ,Object of type bytes is not JSON serializable
Error on line 913 ,Object of type bytes is not JSON serializable
Error on line 913 ,Object of type bytes is not JSON serializable
Error on line 913 ,Object of type bytes is not JSON serializable
Error on line 913 ,Object of type bytes is not JSON serializable
Error on line 913 ,Object of type bytes is not JSON serializable
Error on line 913 ,Object of type bytes is not JSON serializable
Error on line 913 ,Object of type bytes is not JSON serializable
Error on line 913 ,Object of type bytes is not JSON serializable
Error on line 913 ,Object of type bytes is not JSON serializable
Error on line 913 ,Object of type bytes is not JSON serializable
'utf-8' codec can't decode byte 0x80 in position 0: invalid start byte,Error on line 841
Error on line 913 ,Object of type bytes is not JSON serializable
Error on line 913 ,Object of type bytes is not JSON serializable
'utf-8' codec can't decode byte 0x80 in position 0: invalid start byte,Error on line 841
Error on line 913 ,Object of type bytes is not JSON serializable
Error on line 913 ,Object of type bytes is not JSON serializable
'NoneType' object is not subscriptable,Error on line 319
Error on line 913 ,Object of type bytes is not JSON serializable
Error on line 913 ,Object of type bytes is not JSON serializable
Error on line 913 ,Object of type bytes is not JSON serializable
Error on line 913 ,Object of type bytes is not JSON serializable
Error on line 913 ,Object of type bytes is not JSON serializable
unsupported operand type(s) for +: 'NoneType' and 'str',Error on line 178
unsupported operand type(s) for +: 'NoneType' and 'str',Error on line 178
unsupported operand type(s) for +: 'NoneType' and 'str',Error on line 178
unsupported operand type(s) for +: 'NoneType' and 'str',Error on line 178
unsupported operand type(s) for +: 'NoneType' and 'str',Error on line 178
Error on line 913 ,Object of type bytes is not JSON serializable
Error on line 913 ,Object of type bytes is not JSON serializable
Error on line 913 ,Object of type bytes is not JSON serializable
Error on line 913 ,Object of type bytes is not JSON serializable
Error on line 913 ,Object of type bytes is not JSON serializable
Error on line 913 ,Object of type bytes is not JSON serializable
Error on line 913 ,Object of type bytes is not JSON serializable
Error on line 913 ,Object of type bytes is not JSON serializable
Error on line 913 ,Object of type bytes is not JSON serializable
Error on line 913 ,Object of type bytes is not JSON serializable
Error on line 913 ,Object of type bytes is not JSON serializable
Error on line 913 ,Object of type bytes is not JSON serializable
unsupported operand type(s) for +: 'NoneType' and 'str',Error on line 178
unsupported operand type(s) for +: 'NoneType' and 'str',Error on line 178
Error on line 913 ,Object of type complex is not JSON serializable
Error on line 913 ,Object of type bytes is not JSON serializable
Error on line 913 ,Object of type bytes is not JSON serializable
Error on line 913 ,Object of type bytes is not JSON serializable
Error on line 913 ,Object of type bytes is not JSON serializable
Error on line 913 ,Object of type bytes is not JSON serializable
Error on line 913 ,Object of type bytes is not JSON serializable
Error on line 913 ,Object of type bytes is not JSON serializable
unsupported operand type(s) for +: 'NoneType' and 'str',Error on line 178
unsupported operand type(s) for +: 'NoneType' and 'str',Error on line 178
Error on line 913 ,Object of type bytes is not JSON serializable
unsupported operand type(s) for +: 'NoneType' and 'str',Error on line 178
Error on line 913 ,Object of type bytes is not JSON serializable
Error on line 913 ,Object of type bytes is not JSON serializable
unsupported operand type(s) for +: 'NoneType' and 'str',Error on line 178
unsupported operand type(s) for +: 'NoneType' and 'str',Error on line 178
Error on line 913 ,Object of type bytes is not JSON serializable
Error on line 913 ,Object of type bytes is not JSON serializable
unsupported operand type(s) for +: 'NoneType' and 'str',Error on line 513
unsupported operand type(s) for +: 'NoneType' and 'str',Error on line 513
unsupported operand type(s) for +: 'NoneType' and 'str',Error on line 513
unsupported operand type(s) for +: 'NoneType' and 'str',Error on line 513
unsupported operand type(s) for +: 'NoneType' and 'str',Error on line 513
unsupported operand type(s) for +: 'NoneType' and 'str',Error on line 513
unsupported operand type(s) for +: 'NoneType' and 'str',Error on line 178
Error on line 913 ,Object of type bytes is not JSON serializable
unsupported operand type(s) for +: 'NoneType' and 'str',Error on line 178
Error on line 913 ,Object of type bytes is not JSON serializable
Error on line 913 ,Object of type bytes is not JSON serializable
Error on line 913 ,Object of type bytes is not JSON serializable
Error on line 913 ,Object of type bytes is not JSON serializable
Error on line 913 ,Object of type bytes is not JSON serializable
Error on line 913 ,Object of type bytes is not JSON serializable
Error on line 913 ,Object of type bytes is not JSON serializable
Error on line 913 ,Object of type bytes is not JSON serializable
Error on line 913 ,Object of type bytes is not JSON serializable
Error on line 913 ,Object of type bytes is not JSON serializable
Error on line 913 ,Object of type bytes is not JSON serializable
'utf-8' codec can't decode byte 0xff in position 0: invalid start byte,Error on line 841
'utf-8' codec can't decode byte 0xff in position 0: invalid start byte,Error on line 841
Error on line 913 ,Object of type bytes is not JSON serializable
Error on line 913 ,Object of type bytes is not JSON serializable
Error on line 913 ,Object of type bytes is not JSON serializable
'utf-8' codec can't decode byte 0xff in position 0: invalid start byte,Error on line 841
Error on line 913 ,Object of type bytes is not JSON serializable
Error on line 913 ,Object of type bytes is not JSON serializable
Error on line 913 ,Object of type bytes is not JSON serializable
Error on line 913 ,Object of type bytes is not JSON serializable
Error on line 913 ,Object of type bytes is not JSON serializable
Error on line 913 ,Object of type complex is not JSON serializable
Error on line 913 ,Object of type bytes is not JSON serializable
unsupported operand type(s) for +: 'NoneType' and 'str',Error on line 513
unsupported operand type(s) for +: 'NoneType' and 'str',Error on line 513
Error on line 913 ,Object of type bytes is not JSON serializable
unsupported operand type(s) for +: 'NoneType' and 'str',Error on line 178
Error on line 913 ,Object of type bytes is not JSON serializable
Error on line 913 ,Object of type bytes is not JSON serializable
Error on line 913 ,Object of type bytes is not JSON serializable
unsupported operand type(s) for +: 'NoneType' and 'str',Error on line 178
unsupported operand type(s) for +: 'NoneType' and 'str',Error on line 178
unsupported operand type(s) for +: 'NoneType' and 'str',Error on line 178
Error on line 913 ,Object of type bytes is not JSON serializable
Error on line 913 ,Object of type bytes is not JSON serializable
unsupported operand type(s) for +: 'NoneType' and 'str',Error on line 178
unsupported operand type(s) for +: 'NoneType' and 'str',Error on line 178
Error on line 913 ,Object of type bytes is not JSON serializable
Error on line 913 ,Object of type bytes is not JSON serializable
Error on line 913 ,Object of type bytes is not JSON serializable
Error on line 913 ,Object of type bytes is not JSON serializable
Error on line 913 ,Object of type bytes is not JSON serializable
Error on line 913 ,Object of type bytes is not JSON serializable
Error on line 913 ,Object of type bytes is not JSON serializable
Error on line 913 ,Object of type bytes is not JSON serializable
Error on line 913 ,Object of type bytes is not JSON serializable
Error on line 913 ,Object of type bytes is not JSON serializable
Error on line 913 ,Object of type bytes is not JSON serializable
'utf-8' codec can't decode byte 0xff in position 0: invalid start byte,Error on line 841
Error on line 913 ,Object of type bytes is not JSON serializable
Error on line 913 ,Object of type bytes is not JSON serializable
Error on line 913 ,Object of type bytes is not JSON serializable
Error on line 913 ,Object of type bytes is not JSON serializable
Error on line 913 ,Object of type bytes is not JSON serializable
Error on line 913 ,Object of type bytes is not JSON serializable
Error on line 913 ,Object of type bytes is not JSON serializable
Error on line 913 ,Object of type bytes is not JSON serializable
Error on line 913 ,Object of type bytes is not JSON serializable
Error on line 913 ,Object of type bytes is not JSON serializable
Error on line 913 ,Object of type bytes is not JSON serializable
Error on line 913 ,Object of type bytes is not JSON serializable
Error on line 913 ,Object of type bytes is not JSON serializable
Error on line 913 ,Object of type bytes is not JSON serializable
Error on line 913 ,Object of type bytes is not JSON serializable
Error on line 913 ,Object of type bytes is not JSON serializable
Error on line 913 ,Object of type bytes is not JSON serializable
Error on line 913 ,Object of type bytes is not JSON serializable
Error on line 913 ,Object of type bytes is not JSON serializable
Error on line 913 ,Object of type bytes is not JSON serializable
Error on line 913 ,Object of type bytes is not JSON serializable
Error on line 913 ,Object of type bytes is not JSON serializable
Error on line 913 ,Object of type bytes is not JSON serializable
Error on line 913 ,Object of type bytes is not JSON serializable
Error on line 913 ,Object of type bytes is not JSON serializable
Error on line 913 ,Object of type bytes is not JSON serializable
Error on line 913 ,Object of type bytes is not JSON serializable
Error on line 913 ,Object of type bytes is not JSON serializable
Error on line 913 ,Object of type bytes is not JSON serializable
Error on line 913 ,Object of type bytes is not JSON serializable
Error on line 913 ,Object of type bytes is not JSON serializable
Error on line 913 ,Object of type bytes is not JSON serializable
Error on line 913 ,Object of type bytes is not JSON serializable
Error on line 913 ,Object of type bytes is not JSON serializable
'utf-8' codec can't decode byte 0xff in position 0: invalid start byte,Error on line 841
Error on line 913 ,Object of type bytes is not JSON serializable
Error on line 913 ,Object of type bytes is not JSON serializable
Error on line 913 ,Object of type bytes is not JSON serializable
Error on line 913 ,Object of type bytes is not JSON serializable
Error on line 913 ,Object of type bytes is not JSON serializable
Error on line 913 ,Object of type bytes is not JSON serializable
unsupported operand type(s) for +: 'NoneType' and 'str',Error on line 178
Error on line 913 ,Object of type bytes is not JSON serializable
Error on line 913 ,Object of type bytes is not JSON serializable
unsupported operand type(s) for +: 'NoneType' and 'str',Error on line 513
Error on line 913 ,Object of type bytes is not JSON serializable
Error on line 913 ,Object of type bytes is not JSON serializable
Error on line 913 ,Object of type bytes is not JSON serializable
unsupported operand type(s) for +: 'NoneType' and 'str',Error on line 178
Error on line 913 ,Object of type bytes is not JSON serializable
Error on line 913 ,Object of type bytes is not JSON serializable
Error on line 913 ,Object of type bytes is not JSON serializable
unsupported operand type(s) for +: 'NoneType' and 'str',Error on line 178
Error on line 913 ,Object of type bytes is not JSON serializable
Error on line 913 ,Object of type bytes is not JSON serializable
Error on line 913 ,Object of type bytes is not JSON serializable
'utf-8' codec can't decode byte 0xff in position 0: invalid start byte,Error on line 841
Error on line 913 ,Object of type bytes is not JSON serializable
Error on line 913 ,Object of type bytes is not JSON serializable
Error on line 913 ,Object of type bytes is not JSON serializable
Error on line 913 ,Object of type bytes is not JSON serializable
Error on line 913 ,Object of type bytes is not JSON serializable
unsupported operand type(s) for +: 'NoneType' and 'str',Error on line 178
unsupported operand type(s) for +: 'NoneType' and 'str',Error on line 178
unsupported operand type(s) for +: 'NoneType' and 'str',Error on line 513
Error on line 913 ,Object of type bytes is not JSON serializable
Error on line 913 ,Object of type bytes is not JSON serializable
unsupported operand type(s) for +: 'NoneType' and 'str',Error on line 178
Error on line 913 ,Object of type bytes is not JSON serializable
Error on line 913 ,Object of type bytes is not JSON serializable
Error on line 913 ,Object of type bytes is not JSON serializable
Error on line 913 ,Object of type bytes is not JSON serializable
Error on line 913 ,Object of type bytes is not JSON serializable
Error on line 913 ,Object of type bytes is not JSON serializable
Error on line 913 ,Object of type bytes is not JSON serializable
'utf-8' codec can't decode byte 0x8b in position 1: invalid start byte,Error on line 841
Error on line 913 ,Object of type bytes is not JSON serializable
Error on line 913 ,Object of type bytes is not JSON serializable
Error on line 913 ,Object of type bytes is not JSON serializable
Error on line 913 ,Object of type bytes is not JSON serializable
'utf-8' codec can't decode byte 0xc7 in position 0: unexpected end of data,Error on line 841
'utf-8' codec can't decode byte 0xc8 in position 0: unexpected end of data,Error on line 841
'utf-8' codec can't decode byte 0xc9 in position 0: unexpected end of data,Error on line 841
Error on line 913 ,Object of type bytes is not JSON serializable
Error on line 913 ,Object of type bytes is not JSON serializable
Error on line 913 ,Object of type bytes is not JSON serializable
Error on line 913 ,Object of type bytes is not JSON serializable
unsupported operand type(s) for +: 'NoneType' and 'str',Error on line 178
Error on line 913 ,Object of type bytes is not JSON serializable
Error on line 913 ,Object of type bytes is not JSON serializable
Error on line 913 ,Object of type bytes is not JSON serializable
Error on line 913 ,Object of type bytes is not JSON serializable
Error on line 913 ,Object of type bytes is not JSON serializable
Error on line 913 ,Object of type bytes is not JSON serializable
Error on line 913 ,Object of type bytes is not JSON serializable
Error on line 913 ,Object of type bytes is not JSON serializable
Error on line 913 ,Object of type bytes is not JSON serializable
Error on line 913 ,Object of type bytes is not JSON serializable
Error on line 913 ,Object of type bytes is not JSON serializable
Error on line 913 ,Object of type bytes is not JSON serializable
Error on line 913 ,Object of type bytes is not JSON serializable
Error on line 913 ,Object of type bytes is not JSON serializable
Error on line 913 ,Object of type bytes is not JSON serializable
Error on line 913 ,Object of type bytes is not JSON serializable
Error on line 913 ,Object of type bytes is not JSON serializable
Error on line 913 ,Object of type bytes is not JSON serializable
Error on line 913 ,Object of type bytes is not JSON serializable
Error on line 913 ,Object of type bytes is not JSON serializable
Error on line 913 ,Object of type bytes is not JSON serializable
Error on line 913 ,Object of type bytes is not JSON serializable
Error on line 913 ,Object of type bytes is not JSON serializable
Error on line 913 ,Object of type bytes is not JSON serializable
Error on line 913 ,Object of type bytes is not JSON serializable
Error on line 913 ,Object of type bytes is not JSON serializable
Error on line 913 ,Object of type bytes is not JSON serializable
Error on line 913 ,Object of type bytes is not JSON serializable
Error on line 913 ,Object of type bytes is not JSON serializable
Error on line 913 ,Object of type bytes is not JSON serializable
Error on line 913 ,Object of type bytes is not JSON serializable
Error on line 913 ,Object of type bytes is not JSON serializable
Error on line 913 ,Object of type bytes is not JSON serializable
Error on line 913 ,Object of type bytes is not JSON serializable
Error on line 913 ,Object of type bytes is not JSON serializable
Error on line 913 ,Object of type bytes is not JSON serializable
Error on line 913 ,Object of type bytes is not JSON serializable
Error on line 913 ,Object of type bytes is not JSON serializable
Error on line 913 ,Object of type bytes is not JSON serializable
Error on line 913 ,Object of type bytes is not JSON serializable
Error on line 913 ,Object of type bytes is not JSON serializable
Error on line 913 ,Object of type bytes is not JSON serializable
Error on line 913 ,Object of type bytes is not JSON serializable
Error on line 913 ,Object of type bytes is not JSON serializable
Error on line 913 ,Object of type bytes is not JSON serializable
Error on line 913 ,Object of type bytes is not JSON serializable
Error on line 913 ,Object of type bytes is not JSON serializable
Error on line 913 ,Object of type bytes is not JSON serializable
Error on line 913 ,Object of type bytes is not JSON serializable
Error on line 913 ,Object of type bytes is not JSON serializable
Error on line 913 ,Object of type bytes is not JSON serializable
Error on line 913 ,Object of type bytes is not JSON serializable
Error on line 913 ,Object of type bytes is not JSON serializable
Error on line 913 ,Object of type bytes is not JSON serializable
Error on line 913 ,Object of type bytes is not JSON serializable
Error on line 913 ,Object of type bytes is not JSON serializable
Error on line 913 ,Object of type bytes is not JSON serializable
Error on line 913 ,Object of type bytes is not JSON serializable
Error on line 913 ,Object of type bytes is not JSON serializable
Error on line 913 ,Object of type bytes is not JSON serializable
Error on line 913 ,Object of type bytes is not JSON serializable
Error on line 913 ,Object of type bytes is not JSON serializable
Error on line 913 ,Object of type bytes is not JSON serializable
Error on line 913 ,Object of type bytes is not JSON serializable
Error on line 913 ,Object of type bytes is not JSON serializable
Error on line 913 ,Object of type bytes is not JSON serializable
Error on line 913 ,Object of type bytes is not JSON serializable
Error on line 913 ,Object of type bytes is not JSON serializable
Error on line 913 ,Object of type bytes is not JSON serializable
Error on line 913 ,Object of type bytes is not JSON serializable
Error on line 913 ,Object of type bytes is not JSON serializable
Error on line 913 ,Object of type bytes is not JSON serializable
Error on line 913 ,Object of type bytes is not JSON serializable
Error on line 913 ,Object of type bytes is not JSON serializable
Error on line 913 ,Object of type bytes is not JSON serializable
Error on line 913 ,Object of type bytes is not JSON serializable
Error on line 913 ,Object of type bytes is not JSON serializable
Error on line 913 ,Object of type bytes is not JSON serializable
Error on line 913 ,Object of type bytes is not JSON serializable
Error on line 913 ,Object of type bytes is not JSON serializable
Error on line 913 ,Object of type bytes is not JSON serializable
Error on line 913 ,Object of type bytes is not JSON serializable
Error on line 913 ,Object of type bytes is not JSON serializable
Error on line 913 ,Object of type bytes is not JSON serializable
Error on line 913 ,Object of type bytes is not JSON serializable
Error on line 913 ,Object of type bytes is not JSON serializable
Error on line 913 ,Object of type bytes is not JSON serializable
Error on line 913 ,Object of type bytes is not JSON serializable
Error on line 913 ,Object of type bytes is not JSON serializable
'utf-8' codec can't decode byte 0xff in position 0: invalid start byte,Error on line 841
'utf-8' codec can't decode byte 0xff in position 0: invalid start byte,Error on line 841
Error on line 913 ,Object of type bytes is not JSON serializable
Error on line 913 ,Object of type bytes is not JSON serializable
Error on line 913 ,Object of type bytes is not JSON serializable
Error on line 913 ,Object of type bytes is not JSON serializable
Error on line 913 ,Object of type bytes is not JSON serializable
Error on line 913 ,Object of type bytes is not JSON serializable
Error on line 913 ,Object of type bytes is not JSON serializable
Error on line 913 ,Object of type bytes is not JSON serializable
Error on line 913 ,Object of type bytes is not JSON serializable
Error on line 913 ,Object of type bytes is not JSON serializable
Error on line 913 ,Object of type bytes is not JSON serializable
Error on line 913 ,Object of type bytes is not JSON serializable
Error on line 913 ,Object of type bytes is not JSON serializable
Error on line 913 ,Object of type bytes is not JSON serializable
Error on line 913 ,Object of type bytes is not JSON serializable
Error on line 913 ,Object of type bytes is not JSON serializable
Error on line 913 ,Object of type bytes is not JSON serializable
Error on line 913 ,Object of type bytes is not JSON serializable
Error on line 913 ,Object of type bytes is not JSON serializable
Error on line 913 ,Object of type bytes is not JSON serializable
Error on line 913 ,Object of type bytes is not JSON serializable
Error on line 913 ,Object of type bytes is not JSON serializable
Error on line 913 ,Object of type bytes is not JSON serializable
Error on line 913 ,Object of type bytes is not JSON serializable
Error on line 913 ,Object of type bytes is not JSON serializable
Error on line 913 ,Object of type bytes is not JSON serializable
Error on line 913 ,Object of type bytes is not JSON serializable
Error on line 913 ,Object of type bytes is not JSON serializable
Error on line 913 ,Object of type bytes is not JSON serializable
Error on line 913 ,Object of type bytes is not JSON serializable
Error on line 913 ,Object of type bytes is not JSON serializable
Error on line 913 ,Object of type bytes is not JSON serializable
Error on line 913 ,Object of type bytes is not JSON serializable
Error on line 913 ,Object of type bytes is not JSON serializable
Error on line 913 ,Object of type bytes is not JSON serializable
Error on line 913 ,Object of type bytes is not JSON serializable
Error on line 913 ,Object of type bytes is not JSON serializable
Error on line 913 ,Object of type bytes is not JSON serializable
Error on line 913 ,Object of type bytes is not JSON serializable
Error on line 913 ,Object of type bytes is not JSON serializable
Error on line 913 ,Object of type bytes is not JSON serializable
Error on line 913 ,Object of type bytes is not JSON serializable
Error on line 913 ,Object of type bytes is not JSON serializable
Error on line 913 ,Object of type bytes is not JSON serializable
'utf-8' codec can't decode byte 0x80 in position 0: invalid start byte,Error on line 841
'utf-8' codec can't decode byte 0xa6 in position 0: invalid start byte,Error on line 841
Error on line 913 ,Object of type bytes is not JSON serializable
Error on line 913 ,Object of type bytes is not JSON serializable
Error on line 913 ,Object of type bytes is not JSON serializable
Error on line 913 ,Object of type bytes is not JSON serializable
Error on line 913 ,Object of type bytes is not JSON serializable
Error on line 913 ,Object of type bytes is not JSON serializable
Error on line 913 ,Object of type bytes is not JSON serializable
Error on line 913 ,Object of type bytes is not JSON serializable
Error on line 913 ,Object of type bytes is not JSON serializable
Error on line 913 ,Object of type bytes is not JSON serializable
Error on line 913 ,Object of type bytes is not JSON serializable
Error on line 913 ,Object of type bytes is not JSON serializable
Error on line 913 ,Object of type bytes is not JSON serializable
Error on line 913 ,Object of type bytes is not JSON serializable
Error on line 913 ,Object of type bytes is not JSON serializable
Error on line 913 ,Object of type bytes is not JSON serializable
Error on line 913 ,Object of type bytes is not JSON serializable
Error on line 913 ,Object of type bytes is not JSON serializable
Error on line 913 ,Object of type bytes is not JSON serializable
Error on line 913 ,Object of type bytes is not JSON serializable
Error on line 913 ,Object of type bytes is not JSON serializable
Error on line 913 ,Object of type bytes is not JSON serializable
Error on line 913 ,Object of type bytes is not JSON serializable
Error on line 913 ,Object of type bytes is not JSON serializable
Error on line 913 ,Object of type bytes is not JSON serializable
Error on line 913 ,Object of type bytes is not JSON serializable
Error on line 913 ,Object of type bytes is not JSON serializable
Error on line 913 ,Object of type bytes is not JSON serializable
Error on line 913 ,Object of type bytes is not JSON serializable
Error on line 913 ,Object of type bytes is not JSON serializable
Error on line 913 ,Object of type bytes is not JSON serializable
Error on line 913 ,Object of type bytes is not JSON serializable
Error on line 913 ,Object of type bytes is not JSON serializable
Error on line 913 ,Object of type bytes is not JSON serializable
Error on line 913 ,Object of type bytes is not JSON serializable
Error on line 913 ,Object of type bytes is not JSON serializable
Error on line 913 ,Object of type bytes is not JSON serializable
Error on line 913 ,Object of type bytes is not JSON serializable
Error on line 913 ,Object of type bytes is not JSON serializable
Error on line 913 ,Object of type bytes is not JSON serializable
Error on line 913 ,Object of type bytes is not JSON serializable
Error on line 913 ,Object of type bytes is not JSON serializable
Error on line 913 ,Object of type bytes is not JSON serializable
unsupported operand type(s) for +: 'NoneType' and 'str',Error on line 178
Error on line 913 ,Object of type bytes is not JSON serializable
